s_rw_0_32_0_1,系统参数调试使用,0,,
s_rw_0_32_0_2,系统参数调试使用,0,,
s_rw_0_32_0_3,系统参数调试使用,0,,
s_rw_0_32_0_4,系统参数调试使用,0,,
s_rw_0_32_0_5,系统参数调试使用,0,,
s_rw_0_32_0_6,系统参数调试使用,0,,
s_rw_0_32_0_7,系统参数调试使用,0,,
s_rw_0_32_0_8,系统参数调试使用,0,,
s_rw_0_32_0_9,系统参数系统运行参数查询,0,,
s_rw_0_32_0_10,系统参数系统运行参数查询,0,,
s_rw_0_32_0_11,系统参数系统运行参数查询,0,,
s_rw_0_32_0_12,系统参数系统运行参数查询,0,,
s_rw_0_32_0_13,系统参数系统运行参数查询,0,,
s_rw_0_32_0_14,系统参数系统运行参数查询,0,,
s_rw_0_32_0_15,系统参数系统运行参数查询,0,,
s_rw_0_32_0_16,系统参数系统运行参数查询,0,,
s_rw_0_32_0_17,系统参数系统运行参数查询,0,,
s_rw_0_32_0_18,系统参数系统运行参数查询,0,,
s_rw_0_32_0_19,系统参数系统运行参数查询,0,,
s_rw_0_32_0_20,系统参数系统运行参数查询,0,,
s_rw_0_32_0_21,系统参数系统运行参数查询,0,,
s_rw_0_32_0_22,系统参数系统运行参数查询,0,,
s_rw_0_32_0_23,系统参数系统运行参数查询,0,,
s_rw_0_32_0_24,系统参数系统运行参数查询,0,,
s_rw_0_1_0_25,系统参数室温开始自矫正按钮,0,,
s_rw_1_1_0_25,系统参数升级程序,0,,
s_rw_2_1_0_25,系统参数进入比例阀调整页面,0,,
s_rw_3_1_0_25,系统参数初始化结束,0,,
s_rw_4_12_0_25,系统参数预留,0,,
s_rw_16_16_0_25,系统参数室温标准测量值输入,0,,
m_rw_0_17_2_52,关模一段位置,0,,
m_rw_17_15_1_52,关模一段压力,0,,
m_rw_0_10_1_53,关模一段速度,0,,
m_rw_10_22_0_53,关模一段预留,0,,
s_rw_0_10_0_54,关模一段压力上升斜率,0,,
s_rw_10_10_0_54,关模一段压力下降斜率,0,,
s_rw_20_12_0_54,关模一段预留,0,,
s_rw_0_10_0_55,关模一段速度上升斜率,0,,
s_rw_10_10_0_55,关模一段速度下降斜率,0,,
s_rw_20_12_0_55,关模一段预留,0,,
m_rw_0_17_2_56,关模二段位置,0,,
m_rw_17_15_1_56,关模二段压力,0,,
m_rw_0_10_1_57,关模二段速度,0,,
m_rw_10_22_0_57,关模二段预留,0,,
s_rw_0_10_0_58,关模二段压力上升斜率,0,,
s_rw_10_10_0_58,关模二段压力下降斜率,0,,
s_rw_20_12_0_58,关模二段预留,0,,
s_rw_0_10_0_59,关模二段速度上升斜率,0,,
s_rw_10_10_0_59,关模二段速度下降斜率,0,,
s_rw_20_12_0_59,关模二段预留,0,,
m_rw_0_17_2_60,关模三段位置,0,,
m_rw_17_15_1_60,关模三段压力,0,,
m_rw_0_10_1_61,关模三段速度,0,,
m_rw_10_22_0_61,关模三段预留,0,,
s_rw_0_10_0_62,关模三段压力上升斜率,0,,
s_rw_10_10_0_62,关模三段压力下降斜率,0,,
s_rw_20_12_0_62,关模三段预留,0,,
s_rw_0_10_0_63,关模三段速度上升斜率,0,,
s_rw_10_10_0_63,关模三段速度下降斜率,0,,
s_rw_20_12_0_63,关模三段预留,0,,
m_rw_0_17_2_64,关模四段位置,0,,
m_rw_17_15_1_64,关模四段压力,0,,
m_rw_0_10_1_65,关模四段速度,0,,
m_rw_10_22_0_65,关模四段预留,0,,
s_rw_0_10_0_66,关模四段压力上升斜率,0,,
s_rw_10_10_0_66,关模四段压力下降斜率,0,,
s_rw_20_12_0_66,关模四段预留,0,,
s_rw_0_10_0_67,关模四段速度上升斜率,0,,
s_rw_10_10_0_67,关模四段速度下降斜率,0,,
s_rw_20_12_0_67,关模四段预留,0,,
m_rw_0_17_2_68,关模五段位置,0,,
m_rw_17_15_1_68,关模五段压力,0,,
m_rw_0_10_1_69,关模五段速度,0,,
m_rw_10_22_0_69,关模五段预留,0,,
s_rw_0_10_0_70,关模五段压力上升斜率,0,,
s_rw_10_10_0_70,关模五段压力下降斜率,0,,
s_rw_20_12_0_70,关模五段预留,0,,
s_rw_0_10_0_71,关模五段速度上升斜率,0,,
s_rw_10_10_0_71,关模五段速度下降斜率,0,,
s_rw_20_12_0_71,关模五段预留,0,,
m_rw_0_17_2_72,关模六段位置,0,,
m_rw_17_15_1_72,关模六段压力,0,,
m_rw_0_10_1_73,关模六段速度,0,,
m_rw_10_22_0_73,关模六段预留,0,,
s_rw_0_10_0_74,关模六段压力上升斜率,0,,
s_rw_10_10_0_74,关模六段压力下降斜率,0,,
s_rw_20_12_0_74,关模六段预留,0,,
s_rw_0_10_0_75,关模六段速度上升斜率,0,,
s_rw_10_10_0_75,关模六段速度下降斜率,0,,
s_rw_20_12_0_75,关模六段预留,0,,
m_rw_0_17_2_76,关模七段位置,0,,
m_rw_17_15_1_76,关模七段压力,0,,
m_rw_0_10_1_77,关模七段速度,0,,
m_rw_10_22_0_77,关模七段预留,0,,
s_rw_0_10_0_78,关模七段压力上升斜率,0,,
s_rw_10_10_0_78,关模七段压力下降斜率,0,,
s_rw_20_12_0_78,关模七段预留,0,,
s_rw_0_10_0_79,关模七段速度上升斜率,0,,
s_rw_10_10_0_79,关模七段速度下降斜率,0,,
s_rw_20_12_0_79,关模七段预留,0,,
m_rw_0_17_2_80,关模八段位置,0,,
m_rw_17_15_1_80,关模八段压力,0,,
m_rw_0_10_1_81,关模八段速度,0,,
m_rw_10_22_0_81,关模八段预留,0,,
s_rw_0_10_0_82,关模八段压力上升斜率,0,,
s_rw_10_10_0_82,关模八段压力下降斜率,0,,
s_rw_20_12_0_82,关模八段预留,0,,
s_rw_0_10_0_83,关模八段速度上升斜率,0,,
s_rw_10_10_0_83,关模八段速度下降斜率,0,,
s_rw_20_12_0_83,关模八段预留,0,,
m_rw_0_17_2_84,低压锁模位置,0,,
m_rw_17_15_1_84,低压锁模压力,0,,
m_rw_0_10_1_85,低压锁模速度,0,,
m_rw_10_22_0_85,低压锁模预留,0,,
s_rw_0_10_0_86,低压锁模压力上升斜率,0,,
s_rw_10_10_0_86,低压锁模压力下降斜率,0,,
s_rw_20_12_0_86,低压锁模预留,0,,
s_rw_0_10_0_87,低压锁模速度上升斜率,0,,
s_rw_10_10_0_87,低压锁模速度下降斜率,0,,
s_rw_20_12_0_87,低压锁模预留,0,,
m_rw_0_17_2_88,高压锁模位置,0,,
m_rw_17_15_1_88,高压锁模压力,0,,
m_rw_0_10_1_89,高压锁模速度,0,,
m_rw_10_22_0_89,高压锁模预留,0,,
s_rw_0_10_0_90,高压锁模压力上升斜率,0,,
s_rw_10_10_0_90,高压锁模压力下降斜率,0,,
s_rw_20_12_0_90,高压锁模预留,0,,
s_rw_0_10_0_91,高压锁模速度上升斜率,0,,
s_rw_10_10_0_91,高压锁模速度下降斜率,0,,
s_rw_20_12_0_91,高压锁模预留,0,,
m_rw_0_16_2_92,关模命令前延迟,0,,
m_rw_16_16_2_92,关模命令后延迟,0,,
s_rw_0_16_2_93,关模比例阀前延迟,0,,
s_rw_16_16_2_93,关模比例阀后延迟,0,,
m_rw_0_1_0_94,差动锁模使能,0,,
m_rw_1_15_2_94,差动锁模延迟时间,0,,
m_rw_16_16_2_94,低压保护时间,0,,
m_rw_0_4_0_95,关模段数设定,0,,
m_rw_4_28_0_95,预留,0,,
m_rw_0_16_2_96,关转开延迟时间,0,,
m_rw_16_16_0_96,预留,0,,
m_rw_0_17_2_102,开模一段位置,0,,
m_rw_17_15_1_102,开模一段压力,0,,
m_rw_0_10_1_103,开模一段速度,0,,
m_rw_10_22_0_103,开模一段预留,0,,
s_rw_0_10_0_104,开模一段压力上升斜率,0,,
s_rw_10_10_0_104,开模一段压力下降斜率,0,,
s_rw_20_12_0_104,开模一段预留,0,,
s_rw_0_10_0_105,开模一段速度上升斜率,0,,
s_rw_10_10_0_105,开模一段速度下降斜率,0,,
s_rw_20_12_0_105,开模一段预留,0,,
m_rw_0_17_2_106,开模二段位置,0,,
m_rw_17_15_1_106,开模二段压力,0,,
m_rw_0_10_1_107,开模二段速度,0,,
m_rw_10_22_0_107,开模二段预留,0,,
s_rw_0_10_0_108,开模二段压力上升斜率,0,,
s_rw_10_10_0_108,开模二段压力下降斜率,0,,
s_rw_20_12_0_108,开模二段预留,0,,
s_rw_0_10_0_109,开模二段速度上升斜率,0,,
s_rw_10_10_0_109,开模二段速度下降斜率,0,,
s_rw_20_12_0_109,开模二段预留,0,,
m_rw_0_17_2_110,开模三段位置,0,,
m_rw_17_15_1_110,开模三段压力,0,,
m_rw_0_10_1_111,开模三段速度,0,,
m_rw_10_22_0_111,开模三段预留,0,,
s_rw_0_10_0_112,开模三段压力上升斜率,0,,
s_rw_10_10_0_112,开模三段压力下降斜率,0,,
s_rw_20_12_0_112,开模三段预留,0,,
s_rw_0_10_0_113,开模三段速度上升斜率,0,,
s_rw_10_10_0_113,开模三段速度下降斜率,0,,
s_rw_20_12_0_113,开模三段预留,0,,
m_rw_0_17_2_114,开模四段位置,0,,
m_rw_17_15_1_114,开模四段压力,0,,
m_rw_0_10_1_115,开模四段速度,0,,
m_rw_10_22_0_115,开模四段预留,0,,
s_rw_0_10_0_116,开模四段压力上升斜率,0,,
s_rw_10_10_0_116,开模四段压力下降斜率,0,,
s_rw_20_12_0_116,开模四段预留,0,,
s_rw_0_10_0_117,开模四段速度上升斜率,0,,
s_rw_10_10_0_117,开模四段速度下降斜率,0,,
s_rw_20_12_0_117,开模四段预留,0,,
m_rw_0_17_2_118,开模五段位置,0,,
m_rw_17_15_1_118,开模五段压力,0,,
m_rw_0_10_1_119,开模五段速度,0,,
m_rw_10_22_0_119,开模五段预留,0,,
s_rw_0_10_0_120,开模五段压力上升斜率,0,,
s_rw_10_10_0_120,开模五段压力下降斜率,0,,
s_rw_20_12_0_120,开模五段预留,0,,
s_rw_0_10_0_121,开模五段速度上升斜率,0,,
s_rw_10_10_0_121,开模五段速度下降斜率,0,,
s_rw_20_12_0_121,开模五段预留,0,,
m_rw_0_17_2_122,开模六段位置,0,,
m_rw_17_15_1_122,开模六段压力,0,,
m_rw_0_10_1_123,开模六段速度,0,,
m_rw_10_22_0_123,开模六段预留,0,,
s_rw_0_10_0_124,开模六段压力上升斜率,0,,
s_rw_10_10_0_124,开模六段压力下降斜率,0,,
s_rw_20_12_0_124,开模六段预留,0,,
s_rw_0_10_0_125,开模六段速度上升斜率,0,,
s_rw_10_10_0_125,开模六段速度下降斜率,0,,
s_rw_20_12_0_125,开模六段预留,0,,
m_rw_0_17_2_126,开模七段位置,0,,
m_rw_17_15_1_126,开模七段压力,0,,
m_rw_0_10_1_127,开模七段速度,0,,
m_rw_10_22_0_127,开模七段预留,0,,
s_rw_0_10_0_128,开模七段压力上升斜率,0,,
s_rw_10_10_0_128,开模七段压力下降斜率,0,,
s_rw_20_12_0_128,开模七段预留,0,,
s_rw_0_10_0_129,开模七段速度上升斜率,0,,
s_rw_10_10_0_129,开模七段速度下降斜率,0,,
s_rw_20_12_0_129,开模七段预留,0,,
m_rw_0_17_2_130,开模八段位置,0,,
m_rw_17_15_1_130,开模八段压力,0,,
m_rw_0_10_1_131,开模八段速度,0,,
m_rw_10_22_0_131,开模八段预留,0,,
s_rw_0_10_0_132,开模八段压力上升斜率,0,,
s_rw_10_10_0_132,开模八段压力下降斜率,0,,
s_rw_20_12_0_132,开模八段预留,0,,
s_rw_0_10_0_133,开模八段速度上升斜率,0,,
s_rw_10_10_0_133,开模八段速度下降斜率,0,,
s_rw_20_12_0_133,开模八段预留,0,,
m_rw_0_17_2_134,开模九段位置,0,,
m_rw_17_15_1_134,开模九段压力,0,,
m_rw_0_10_1_135,开模九段速度,0,,
m_rw_10_22_0_135,开模九段预留,0,,
s_rw_0_10_0_136,开模九段压力上升斜率,0,,
s_rw_10_10_0_136,开模九段压力下降斜率,0,,
s_rw_20_12_0_136,开模九段预留,0,,
s_rw_0_10_0_137,开模九段速度上升斜率,0,,
s_rw_10_10_0_137,开模九段速度下降斜率,0,,
s_rw_20_12_0_137,开模九段预留,0,,
m_rw_0_17_2_138,开模十段位置,0,,
m_rw_17_15_1_138,开模十段压力,0,,
m_rw_0_10_1_139,开模十段速度,0,,
m_rw_10_22_0_139,开模十段预留,0,,
s_rw_0_10_0_140,开模十段压力上升斜率,0,,
s_rw_10_10_0_140,开模十段压力下降斜率,0,,
s_rw_20_12_0_140,开模十段预留,0,,
s_rw_0_10_0_141,开模十段速度上升斜率,0,,
s_rw_10_10_0_141,开模十段速度下降斜率,0,,
s_rw_20_12_0_141,开模十段预留,0,,
m_rw_0_16_2_142,开模命令前延迟,0,,
m_rw_16_16_2_142,开模命令后延迟,0,,
s_rw_0_16_2_143,开模比例阀前延迟,0,,
s_rw_16_16_2_143,开模比例阀后延迟,0,,
m_rw_0_16_0_144,开模保护时间,0,,
m_rw_16_16_2_144,开模慢延迟时间,0,,
m_rw_0_1_0_145,开模联动,0,,
m_rw_1_4_0_145,开模段数设定,0,,
m_rw_5_17_1_145,联动位置,0,,
m_rw_22_10_0_145,预留,0,,
m_rw_0_17_2_152,射出一段位置,0,,
m_rw_17_15_1_152,射出一段压力,0,,
m_rw_0_10_1_153,射出一段速度,0,,
m_rw_10_22_0_153,射出一段预留,0,,
s_rw_0_10_0_154,射出一段压力上升斜率,0,,
s_rw_10_10_0_154,射出一段压力下降斜率,0,,
s_rw_20_12_0_154,射出一段预留,0,,
s_rw_0_10_0_155,射出一段速度上升斜率,0,,
s_rw_10_10_0_155,射出一段速度下降斜率,0,,
s_rw_20_12_0_155,射出一段预留,0,,
m_rw_0_17_2_156,射出二段位置,0,,
m_rw_17_15_1_156,射出二段压力,0,,
m_rw_0_10_1_157,射出二段速度,0,,
m_rw_10_22_0_157,射出二段预留,0,,
s_rw_0_10_0_158,射出二段压力上升斜率,0,,
s_rw_10_10_0_158,射出二段压力下降斜率,0,,
s_rw_20_12_0_158,射出二段预留,0,,
s_rw_0_10_0_159,射出二段速度上升斜率,0,,
s_rw_10_10_0_159,射出二段速度下降斜率,0,,
s_rw_20_12_0_159,射出二段预留,0,,
m_rw_0_17_2_160,射出三段位置,0,,
m_rw_17_15_1_160,射出三段压力,0,,
m_rw_0_10_1_161,射出三段速度,0,,
m_rw_10_22_0_161,射出三段预留,0,,
s_rw_0_10_0_162,射出三段压力上升斜率,0,,
s_rw_10_10_0_162,射出三段压力下降斜率,0,,
s_rw_20_12_0_162,射出三段预留,0,,
s_rw_0_10_0_163,射出三段速度上升斜率,0,,
s_rw_10_10_0_163,射出三段速度下降斜率,0,,
s_rw_20_12_0_163,射出三段预留,0,,
m_rw_0_17_2_164,射出四段位置,0,,
m_rw_17_15_1_164,射出四段压力,0,,
m_rw_0_10_1_165,射出四段速度,0,,
m_rw_10_22_0_165,射出四段预留,0,,
s_rw_0_10_0_166,射出四段压力上升斜率,0,,
s_rw_10_10_0_166,射出四段压力下降斜率,0,,
s_rw_20_12_0_166,射出四段预留,0,,
s_rw_0_10_0_167,射出四段速度上升斜率,0,,
s_rw_10_10_0_167,射出四段速度下降斜率,0,,
s_rw_20_12_0_167,射出四段预留,0,,
m_rw_0_17_2_168,射出五段位置,0,,
m_rw_17_15_1_168,射出五段压力,0,,
m_rw_0_10_1_169,射出五段速度,0,,
m_rw_10_22_0_169,射出五段预留,0,,
s_rw_0_10_0_170,射出五段压力上升斜率,0,,
s_rw_10_10_0_170,射出五段压力下降斜率,0,,
s_rw_20_12_0_170,射出五段预留,0,,
s_rw_0_10_0_171,射出五段速度上升斜率,0,,
s_rw_10_10_0_171,射出五段速度下降斜率,0,,
s_rw_20_12_0_171,射出五段预留,0,,
m_rw_0_17_2_172,射出六段位置,0,,
m_rw_17_15_1_172,射出六段压力,0,,
m_rw_0_10_1_173,射出六段速度,0,,
m_rw_10_22_0_173,射出六段预留,0,,
s_rw_0_10_0_174,射出六段压力上升斜率,0,,
s_rw_10_10_0_174,射出六段压力下降斜率,0,,
s_rw_20_12_0_174,射出六段预留,0,,
s_rw_0_10_0_175,射出六段速度上升斜率,0,,
s_rw_10_10_0_175,射出六段速度下降斜率,0,,
s_rw_20_12_0_175,射出六段预留,0,,
m_rw_0_17_2_176,射出七段位置,0,,
m_rw_17_15_1_176,射出七段压力,0,,
m_rw_0_10_1_177,射出七段速度,0,,
m_rw_10_22_0_177,射出七段预留,0,,
s_rw_0_10_0_178,射出七段压力上升斜率,0,,
s_rw_10_10_0_178,射出七段压力下降斜率,0,,
s_rw_20_12_0_178,射出七段预留,0,,
s_rw_0_10_0_179,射出七段速度上升斜率,0,,
s_rw_10_10_0_179,射出七段速度下降斜率,0,,
s_rw_20_12_0_179,射出七段预留,0,,
m_rw_0_17_2_180,射出八段位置,0,,
m_rw_17_15_1_180,射出八段压力,0,,
m_rw_0_10_1_181,射出八段速度,0,,
m_rw_10_22_0_181,射出八段预留,0,,
s_rw_0_10_0_182,射出八段压力上升斜率,0,,
s_rw_10_10_0_182,射出八段压力下降斜率,0,,
s_rw_20_12_0_182,射出八段预留,0,,
s_rw_0_10_0_183,射出八段速度上升斜率,0,,
s_rw_10_10_0_183,射出八段速度下降斜率,0,,
s_rw_20_12_0_183,射出八段预留,0,,
m_rw_0_17_2_184,射出九段位置,0,,
m_rw_17_15_1_184,射出九段压力,0,,
m_rw_0_10_1_185,射出九段速度,0,,
m_rw_10_22_0_185,射出九段预留,0,,
s_rw_0_10_0_186,射出九段压力上升斜率,0,,
s_rw_10_10_0_186,射出九段压力下降斜率,0,,
s_rw_20_12_0_186,射出九段预留,0,,
s_rw_0_10_0_187,射出九段速度上升斜率,0,,
s_rw_10_10_0_187,射出九段速度下降斜率,0,,
s_rw_20_12_0_187,射出九段预留,0,,
m_rw_0_17_2_188,射出十段位置,0,,
m_rw_17_15_1_188,射出十段压力,0,,
m_rw_0_10_1_189,射出十段速度,0,,
m_rw_10_22_0_189,射出十段预留,0,,
s_rw_0_10_0_190,射出十段压力上升斜率,0,,
s_rw_10_10_0_190,射出十段压力下降斜率,0,,
s_rw_20_12_0_190,射出十段预留,0,,
s_rw_0_10_0_191,射出十段速度上升斜率,0,,
s_rw_10_10_0_191,射出十段速度下降斜率,0,,
s_rw_20_12_0_191,射出十段预留,0,,
m_rw_0_16_2_192,射出命令前延迟,0,,
m_rw_16_16_2_192,射出命令后延迟,0,,
s_rw_0_16_2_193,射出比例阀前延迟,0,,
s_rw_16_16_2_193,射出比例阀后延迟,0,,
m_rw_0_16_3_194,射出一段时间,0,,
m_rw_16_16_3_194,射出二段时间,0,,
m_rw_0_16_3_195,射出三段时间,0,,
m_rw_16_16_3_195,射出四段时间,0,,
m_rw_0_16_3_196,射出五段时间,0,,
m_rw_16_16_3_196,射出六段时间,0,,
m_rw_0_16_3_197,射出七段时间,0,,
m_rw_16_16_3_197,射出八段时间,0,,
m_rw_0_16_3_198,射出九段时间,0,,
m_rw_16_16_3_198,射出十段时间,0,,
m_rw_0_20_2_199,射出总时间,0,,
m_rw_20_4_0_199,射出切保压,0,,
m_rw_24_8_0_199,预射胶速度,0,,
m_rw_0_16_0_200,射出保护时间,0,,
m_rw_16_1_0_200,预射胶功能,0,,
m_rw_17_3_0_200,预射胶模式,0,,
m_rw_20_12_2_200,预射胶时间,0,,
m_rw_0_4_0_201,射出段数设定,0,,
m_rw_4_4_0_201,保压段数设定,0,,
m_rw_8_16_1_201,预射胶位置,0,,
m_rw_24_8_0_201,预留,0,,
m_rw_0_17_3_202,保压一段时间,0,,
m_rw_17_15_1_202,保压一段压力,0,,
m_rw_0_10_1_203,保压一段速度,0,,
m_rw_10_22_0_203,保压一段预留,0,,
s_rw_0_10_0_204,保压一段压力上升斜率,0,,
s_rw_10_10_0_204,保压一段压力下降斜率,0,,
s_rw_20_12_0_204,保压一段预留,0,,
s_rw_0_10_0_205,保压一段速度上升斜率,0,,
s_rw_10_10_0_205,保压一段速度下降斜率,0,,
s_rw_20_12_0_205,保压一段预留,0,,
m_rw_0_17_3_206,保压二段时间,0,,
m_rw_17_15_1_206,保压二段压力,0,,
m_rw_0_10_1_207,保压二段速度,0,,
m_rw_10_22_0_207,保压二段预留,0,,
s_rw_0_10_0_208,保压二段压力上升斜率,0,,
s_rw_10_10_0_208,保压二段压力下降斜率,0,,
s_rw_20_12_0_208,保压二段预留,0,,
s_rw_0_10_0_209,保压二段速度上升斜率,0,,
s_rw_10_10_0_209,保压二段速度下降斜率,0,,
s_rw_20_12_0_209,保压二段预留,0,,
m_rw_0_17_3_210,保压三段时间,0,,
m_rw_17_15_1_210,保压三段压力,0,,
m_rw_0_10_1_211,保压三段速度,0,,
m_rw_10_22_0_211,保压三段预留,0,,
s_rw_0_10_0_212,保压三段压力上升斜率,0,,
s_rw_10_10_0_212,保压三段压力下降斜率,0,,
s_rw_20_12_0_212,保压三段预留,0,,
s_rw_0_10_0_213,保压三段速度上升斜率,0,,
s_rw_10_10_0_213,保压三段速度下降斜率,0,,
s_rw_20_12_0_213,保压三段预留,0,,
m_rw_0_17_3_214,保压四段时间,0,,
m_rw_17_15_1_214,保压四段压力,0,,
m_rw_0_10_1_215,保压四段速度,0,,
m_rw_10_22_0_215,保压四段预留,0,,
s_rw_0_10_0_216,保压四段压力上升斜率,0,,
s_rw_10_10_0_216,保压四段压力下降斜率,0,,
s_rw_20_12_0_216,保压四段预留,0,,
s_rw_0_10_0_217,保压四段速度上升斜率,0,,
s_rw_10_10_0_217,保压四段速度下降斜率,0,,
s_rw_20_12_0_217,保压四段预留,0,,
m_rw_0_17_3_218,保压五段时间,0,,
m_rw_17_15_1_218,保压五段压力,0,,
m_rw_0_10_1_219,保压五段速度,0,,
m_rw_10_22_0_219,保压五段预留,0,,
s_rw_0_10_0_220,保压五段压力上升斜率,0,,
s_rw_10_10_0_220,保压五段压力下降斜率,0,,
s_rw_20_12_0_220,保压五段预留,0,,
s_rw_0_10_0_221,保压五段速度上升斜率,0,,
s_rw_10_10_0_221,保压五段速度下降斜率,0,,
s_rw_20_12_0_221,保压五段预留,0,,
m_rw_0_17_3_222,保压六段时间,0,,
m_rw_17_15_1_222,保压六段压力,0,,
m_rw_0_10_1_223,保压六段速度,0,,
m_rw_10_22_0_223,保压六段预留,0,,
s_rw_0_10_0_224,保压六段压力上升斜率,0,,
s_rw_10_10_0_224,保压六段压力下降斜率,0,,
s_rw_20_12_0_224,保压六段预留,0,,
s_rw_0_10_0_225,保压六段速度上升斜率,0,,
s_rw_10_10_0_225,保压六段速度下降斜率,0,,
s_rw_20_12_0_225,保压六段预留,0,,
m_rw_0_17_3_226,保压七段时间,0,,
m_rw_17_15_1_226,保压七段压力,0,,
m_rw_0_10_1_227,保压七段速度,0,,
m_rw_10_22_0_227,保压七段预留,0,,
s_rw_0_10_0_228,保压七段压力上升斜率,0,,
s_rw_10_10_0_228,保压七段压力下降斜率,0,,
s_rw_20_12_0_228,保压七段预留,0,,
s_rw_0_10_0_229,保压七段速度上升斜率,0,,
s_rw_10_10_0_229,保压七段速度下降斜率,0,,
s_rw_20_12_0_229,保压七段预留,0,,
m_rw_0_17_3_230,保压八段时间,0,,
m_rw_17_15_1_230,保压八段压力,0,,
m_rw_0_10_1_231,保压八段速度,0,,
m_rw_10_22_0_231,保压八段预留,0,,
s_rw_0_10_0_232,保压八段压力上升斜率,0,,
s_rw_10_10_0_232,保压八段压力下降斜率,0,,
s_rw_20_12_0_232,保压八段预留,0,,
s_rw_0_10_0_233,保压八段速度上升斜率,0,,
s_rw_10_10_0_233,保压八段速度下降斜率,0,,
s_rw_20_12_0_233,保压八段预留,0,,
m_rw_0_17_3_234,保压九段时间,0,,
m_rw_17_15_1_234,保压九段压力,0,,
m_rw_0_10_1_235,保压九段速度,0,,
m_rw_10_22_0_235,保压九段预留,0,,
s_rw_0_10_0_236,保压九段压力上升斜率,0,,
s_rw_10_10_0_236,保压九段压力下降斜率,0,,
s_rw_20_12_0_236,保压九段预留,0,,
s_rw_0_10_0_237,保压九段速度上升斜率,0,,
s_rw_10_10_0_237,保压九段速度下降斜率,0,,
s_rw_20_12_0_237,保压九段预留,0,,
m_rw_0_17_3_238,保压十段时间,0,,
m_rw_17_15_1_238,保压十段压力,0,,
m_rw_0_10_1_239,保压十段速度,0,,
m_rw_10_22_0_239,保压十段预留,0,,
s_rw_0_10_0_240,保压十段压力上升斜率,0,,
s_rw_10_10_0_240,保压十段压力下降斜率,0,,
s_rw_20_12_0_240,保压十段预留,0,,
s_rw_0_10_0_241,保压十段速度上升斜率,0,,
s_rw_10_10_0_241,保压十段速度下降斜率,0,,
s_rw_20_12_0_241,保压十段预留,0,,
m_rw_0_17_1_252,射前加料背压,0,,
m_rw_17_15_1_252,射前加料压力,0,,
m_rw_0_1_0_253,射前加料射前加料使能,0,,
m_rw_1_7_0_253,射前加料速度,0,,
m_rw_8_16_2_253,射前加料时间,0,,
m_rw_24_8_0_253,射前加料预留,0,,
s_rw_0_10_0_254,射前加料压力上升斜率,0,,
s_rw_10_10_0_254,射前加料压力下降斜率,0,,
s_rw_20_12_0_254,射前加料预留,0,,
s_rw_0_10_0_255,射前加料速度上升斜率,0,,
s_rw_10_10_0_255,射前加料速度下降斜率,0,,
s_rw_20_12_0_255,射前加料预留,0,,
m_rw_0_16_2_256,射前加料命令前延迟,0,,
m_rw_16_16_2_256,射前加料命令后延迟,0,,
s_rw_0_16_2_257,射前加料比例阀前延迟,0,,
s_rw_16_16_2_257,射前加料比例阀后延迟,0,,
m_rw_0_17_2_261,加料一段位置,0,,
m_rw_17_15_1_261,加料一段压力,0,,
m_rw_0_10_1_262,加料一段速度,0,,
m_rw_10_22_0_262,加料一段预留,0,,
s_rw_0_10_0_263,加料一段压力上升斜率,0,,
s_rw_10_10_0_263,加料一段压力下降斜率,0,,
s_rw_20_12_0_263,加料一段预留,0,,
s_rw_0_10_0_264,加料一段速度上升斜率,0,,
s_rw_10_10_0_264,加料一段速度下降斜率,0,,
s_rw_20_12_0_264,加料一段预留,0,,
m_rw_0_17_2_265,加料二段位置,0,,
m_rw_17_15_1_265,加料二段压力,0,,
m_rw_0_10_1_266,加料二段速度,0,,
m_rw_10_22_0_266,加料二段预留,0,,
s_rw_0_10_0_267,加料二段压力上升斜率,0,,
s_rw_10_10_0_267,加料二段压力下降斜率,0,,
s_rw_20_12_0_267,加料二段预留,0,,
s_rw_0_10_0_268,加料二段速度上升斜率,0,,
s_rw_10_10_0_268,加料二段速度下降斜率,0,,
s_rw_20_12_0_268,加料二段预留,0,,
m_rw_0_17_2_269,加料三段位置,0,,
m_rw_17_15_1_269,加料三段压力,0,,
m_rw_0_10_1_270,加料三段速度,0,,
m_rw_10_22_0_270,加料三段预留,0,,
s_rw_0_10_0_271,加料三段压力上升斜率,0,,
s_rw_10_10_0_271,加料三段压力下降斜率,0,,
s_rw_20_12_0_271,加料三段预留,0,,
s_rw_0_10_0_272,加料三段速度上升斜率,0,,
s_rw_10_10_0_272,加料三段速度下降斜率,0,,
s_rw_20_12_0_272,加料三段预留,0,,
m_rw_0_17_2_273,加料四段位置,0,,
m_rw_17_15_1_273,加料四段压力,0,,
m_rw_0_10_1_274,加料四段速度,0,,
m_rw_10_22_0_274,加料四段预留,0,,
s_rw_0_10_0_275,加料四段压力上升斜率,0,,
s_rw_10_10_0_275,加料四段压力下降斜率,0,,
s_rw_20_12_0_275,加料四段预留,0,,
s_rw_0_10_0_276,加料四段速度上升斜率,0,,
s_rw_10_10_0_276,加料四段速度下降斜率,0,,
s_rw_20_12_0_276,加料四段预留,0,,
m_rw_0_16_2_277,加料命令前延迟,0,,
m_rw_16_16_2_277,加料命令后延迟,0,,
s_rw_0_16_2_278,加料比例阀前延迟,0,,
s_rw_16_16_2_278,加料比例阀后延迟,0,,
m_rw_0_16_0_279,加料一段背压,0,,
m_rw_16_16_0_279,加料二段背压,0,,
m_rw_0_16_0_280,加料三段背压,0,,
m_rw_16_16_0_280,加料四段背压,0,,
m_rw_0_16_0_281,加料保护时间,0,,
m_rw_16_4_0_281,背压控制模式,0,,
m_rw_20_4_0_281,加料段数设定,0,,
m_rw_24_8_0_281,预留,0,,
s_rw_0_8_0_282,加料感应齿/转,0,,
s_rw_8_24_0_282,预留,0,,
m_rw_0_16_2_284,模具冷却时间,0,,
m_rw_16_1_0_284,冷却完加料,0,,
m_rw_17_15_0_284,预射胶压力,0,,
m_rw_0_17_2_285,前松退位置,0,,
m_rw_17_15_1_285,前松退压力,0,,
m_rw_0_10_1_286,前松退速度,0,,
m_rw_10_22_0_286,前松退预留,0,,
s_rw_0_10_0_287,前松退压力上升斜率,0,,
s_rw_10_10_0_287,前松退压力下降斜率,0,,
s_rw_20_12_0_287,前松退预留,0,,
s_rw_0_10_0_288,前松退速度上升斜率,0,,
s_rw_10_10_0_288,前松退速度下降斜率,0,,
s_rw_20_12_0_288,前松退预留,0,,
m_rw_0_16_2_289,前松退命令前延迟,0,,
m_rw_16_16_2_289,前松退命令后延迟,0,,
s_rw_0_16_2_290,前松退比例阀前延迟,0,,
s_rw_16_16_2_290,前松退比例阀后延迟,0,,
m_rw_0_17_2_292,后松退偏移距离,0,,
m_rw_17_15_1_292,后松退压力,0,,
m_rw_0_10_1_293,后松退速度,0,,
m_rw_10_22_0_293,后松退预留,0,,
s_rw_0_10_0_294,后松退压力上升斜率,0,,
s_rw_10_10_0_294,后松退压力下降斜率,0,,
s_rw_20_12_0_294,后松退预留,0,,
s_rw_0_10_0_295,后松退速度上升斜率,0,,
s_rw_10_10_0_295,后松退速度下降斜率,0,,
s_rw_20_12_0_295,后松退预留,0,,
m_rw_0_16_2_296,后松退命令前延迟,0,,
m_rw_16_16_2_296,后松退命令后延迟,0,,
s_rw_0_16_2_297,后松退比例阀前延迟,0,,
s_rw_16_16_2_297,后松退比例阀后延迟,0,,
m_rw_0_17_2_299,顶进一段位置,0,,
m_rw_17_15_1_299,顶进一段压力,0,,
m_rw_0_10_1_300,顶进一段速度,0,,
m_rw_10_22_0_300,顶进一段预留,0,,
s_rw_0_10_0_301,顶进一段压力上升斜率,0,,
s_rw_10_10_0_301,顶进一段压力下降斜率,0,,
s_rw_20_12_0_301,顶进一段预留,0,,
s_rw_0_10_0_302,顶进一段速度上升斜率,0,,
s_rw_10_10_0_302,顶进一段速度下降斜率,0,,
s_rw_20_12_0_302,顶进一段预留,0,,
m_rw_0_17_2_303,顶进二段位置,0,,
m_rw_17_15_1_303,顶进二段压力,0,,
m_rw_0_10_1_304,顶进二段速度,0,,
m_rw_10_22_0_304,顶进二段预留,0,,
s_rw_0_10_0_305,顶进二段压力上升斜率,0,,
s_rw_10_10_0_305,顶进二段压力下降斜率,0,,
s_rw_20_12_0_305,顶进二段预留,0,,
s_rw_0_10_0_306,顶进二段速度上升斜率,0,,
s_rw_10_10_0_306,顶进二段速度下降斜率,0,,
s_rw_20_12_0_306,顶进二段预留,0,,
m_rw_0_16_2_307,顶进命令前延迟,0,,
m_rw_16_16_2_307,顶进命令后延迟,0,,
s_rw_0_16_2_308,顶进比例阀前延迟,0,,
s_rw_16_16_2_308,顶进比例阀后延迟,0,,
m_rw_0_16_2_309,顶进开模转顶出时间,0,,
m_rw_16_16_0_309,顶进预留,0,,
m_rw_0_17_2_311,顶退一段位置,0,,
m_rw_17_15_1_311,顶退一段压力,0,,
m_rw_0_10_1_312,顶退一段速度,0,,
m_rw_10_22_0_312,顶退一段预留,0,,
s_rw_0_10_0_313,顶退一段压力上升斜率,0,,
s_rw_10_10_0_313,顶退一段压力下降斜率,0,,
s_rw_20_12_0_313,顶退一段预留,0,,
s_rw_0_10_0_314,顶退一段速度上升斜率,0,,
s_rw_10_10_0_314,顶退一段速度下降斜率,0,,
s_rw_20_12_0_314,顶退一段预留,0,,
m_rw_0_17_2_315,顶退二段位置,0,,
m_rw_17_15_1_315,顶退二段压力,0,,
m_rw_0_10_1_316,顶退二段速度,0,,
m_rw_10_22_0_316,顶退二段预留,0,,
s_rw_0_10_0_317,顶退二段压力上升斜率,0,,
s_rw_10_10_0_317,顶退二段压力下降斜率,0,,
s_rw_20_12_0_317,顶退二段预留,0,,
s_rw_0_10_0_318,顶退二段速度上升斜率,0,,
s_rw_10_10_0_318,顶退二段速度下降斜率,0,,
s_rw_20_12_0_318,顶退二段预留,0,,
m_rw_0_16_2_319,顶退命令前延迟,0,,
m_rw_16_16_2_319,顶退命令后延迟,0,,
s_rw_0_16_2_320,顶退比例阀前延迟,0,,
s_rw_16_16_2_320,顶退比例阀后延迟,0,,
m_rw_0_4_0_323,定模吹气1动作模式,0,,
m_rw_4_11_0_323,定模吹气1预留,0,,
m_rw_15_17_1_323,定模吹气1动作位置,0,,
m_rw_0_16_2_324,定模吹气1动作时间,0,,
m_rw_16_16_2_324,定模吹气1延迟时间,0,,
m_rw_0_4_0_325,定模吹气2动作模式,0,,
m_rw_4_11_0_325,定模吹气2预留,0,,
m_rw_15_17_1_325,定模吹气2动作位置,0,,
m_rw_0_16_2_326,定模吹气2动作时间,0,,
m_rw_16_16_2_326,定模吹气2延迟时间,0,,
m_rw_0_4_0_327,定模吹气3动作模式,0,,
m_rw_4_11_0_327,定模吹气3预留,0,,
m_rw_15_17_1_327,定模吹气3动作位置,0,,
m_rw_0_16_2_328,定模吹气3动作时间,0,,
m_rw_16_16_2_328,定模吹气3延迟时间,0,,
m_rw_0_4_0_329,动模吹气1动作模式,0,,
m_rw_4_11_0_329,动模吹气1预留,0,,
m_rw_15_17_1_329,动模吹气1动作位置,0,,
m_rw_0_16_2_330,动模吹气1动作时间,0,,
m_rw_16_16_2_330,动模吹气1延迟时间,0,,
m_rw_0_4_0_331,动模吹气2动作模式,0,,
m_rw_4_11_0_331,动模吹气2预留,0,,
m_rw_15_17_1_331,动模吹气2动作位置,0,,
m_rw_0_16_2_332,动模吹气2动作时间,0,,
m_rw_16_16_2_332,动模吹气2延迟时间,0,,
m_rw_0_4_0_333,动模吹气3动作模式,0,,
m_rw_4_11_0_333,动模吹气3预留,0,,
m_rw_15_17_1_333,动模吹气3动作位置,0,,
m_rw_0_16_2_334,动模吹气3动作时间,0,,
m_rw_16_16_2_334,动模吹气3延迟时间,0,,
m_rw_0_4_0_335,抽芯A入动作模式,0,,
m_rw_4_4_0_335,抽芯A入动作时机,0,,
m_rw_8_12_0_335,抽芯A入牙数,0,,
m_rw_20_12_1_335,抽芯A入速度,0,,
m_rw_0_16_1_336,抽芯A入压力,0,,
m_rw_16_16_2_336,抽芯A入时间,0,,
m_rw_0_17_2_337,抽芯A入动作位置,0,,
m_rw_17_15_0_337,抽芯A入预留,0,,
m_rw_0_4_0_338,抽芯A出动作模式,0,,
m_rw_4_4_0_338,抽芯A出动作时机,0,,
m_rw_8_12_0_338,抽芯A出牙数,0,,
m_rw_20_12_1_338,抽芯A出速度,0,,
m_rw_0_16_1_339,抽芯A出压力,0,,
m_rw_16_16_2_339,抽芯A出时间,0,,
m_rw_0_17_2_340,抽芯A出动作位置,0,,
m_rw_17_15_0_340,抽芯A出预留,0,,
m_rw_0_4_0_341,抽芯B入动作模式,0,,
m_rw_4_4_0_341,抽芯B入动作时机,0,,
m_rw_8_12_0_341,抽芯B入牙数,0,,
m_rw_20_12_1_341,抽芯B入速度,0,,
m_rw_0_16_1_342,抽芯B入压力,0,,
m_rw_16_16_2_342,抽芯B入时间,0,,
m_rw_0_17_2_343,抽芯B入动作位置,0,,
m_rw_17_15_0_343,抽芯B入预留,0,,
m_rw_0_4_0_344,抽芯B出动作模式,0,,
m_rw_4_4_0_344,抽芯B出动作时机,0,,
m_rw_8_12_0_344,抽芯B出牙数,0,,
m_rw_20_12_1_344,抽芯B出速度,0,,
m_rw_0_16_1_345,抽芯B出压力,0,,
m_rw_16_16_2_345,抽芯B出时间,0,,
m_rw_0_17_2_346,抽芯B出动作位置,0,,
m_rw_17_15_0_346,抽芯B出预留,0,,
m_rw_0_4_0_347,抽芯C入动作模式,0,,
m_rw_4_4_0_347,抽芯C入动作时机,0,,
m_rw_8_12_0_347,抽芯C入牙数,0,,
m_rw_20_12_1_347,抽芯C入速度,0,,
m_rw_0_16_1_348,抽芯C入压力,0,,
m_rw_16_16_2_348,抽芯C入时间,0,,
m_rw_0_17_2_349,抽芯C入动作位置,0,,
m_rw_17_15_0_349,抽芯C入预留,0,,
m_rw_0_4_0_350,抽芯C出动作模式,0,,
m_rw_4_4_0_350,抽芯C出动作时机,0,,
m_rw_8_12_0_350,抽芯C出牙数,0,,
m_rw_20_12_1_350,抽芯C出速度,0,,
m_rw_0_16_1_351,抽芯C出压力,0,,
m_rw_16_16_2_351,抽芯C出时间,0,,
m_rw_0_17_2_352,抽芯C出动作位置,0,,
m_rw_17_15_0_352,抽芯C出预留,0,,
m_rw_0_4_0_353,抽芯D入动作模式,0,,
m_rw_4_4_0_353,抽芯D入动作时机,0,,
m_rw_8_12_0_353,抽芯D入牙数,0,,
m_rw_20_12_1_353,抽芯D入速度,0,,
m_rw_0_16_1_354,抽芯D入压力,0,,
m_rw_16_16_2_354,抽芯D入时间,0,,
m_rw_0_17_2_355,抽芯D入动作位置,0,,
m_rw_17_15_0_355,抽芯D入预留,0,,
m_rw_0_4_0_356,抽芯D出动作模式,0,,
m_rw_4_4_0_356,抽芯D出动作时机,0,,
m_rw_8_12_0_356,抽芯D出牙数,0,,
m_rw_20_12_1_356,抽芯D出速度,0,,
m_rw_0_16_1_357,抽芯D出压力,0,,
m_rw_16_16_2_357,抽芯D出时间,0,,
m_rw_0_17_2_358,抽芯D出动作位置,0,,
m_rw_17_15_0_358,抽芯D出预留,0,,
m_rw_0_16_2_359,抽芯抽芯命令前延迟,0,,
m_rw_16_16_2_359,抽芯抽芯命令后延迟,0,,
s_rw_0_16_2_360,抽芯抽芯出比例阀前延迟,0,,
s_rw_16_16_2_360,抽芯抽芯出比例阀后延迟,0,,
s_rw_0_16_2_361,抽芯入比例阀前延迟,0,,
s_rw_16_16_2_361,抽芯入比例阀后延迟,0,,
s_rw_0_10_0_362,抽芯入压力上升斜率,0,,
s_rw_10_10_0_362,抽芯入压力下降斜率,0,,
s_rw_20_10_0_362,抽芯入速度上升斜率,0,,
s_rw_30_2_0_362,预留,0,,
s_rw_0_10_0_363,抽芯入速度下降斜率,0,,
s_rw_10_10_0_363,抽芯出压力上升斜率,0,,
s_rw_20_10_0_363,抽芯出压力下降斜率,0,,
s_rw_30_2_0_363,预留,0,,
s_rw_0_10_0_364,抽芯出速度上升斜率,0,,
s_rw_10_10_0_364,抽芯出速度下降斜率,0,,
s_rw_20_12_0_364,预留,0,,
m_rw_0_2_0_365,抽芯A功能,0,,
m_rw_2_2_0_365,抽芯B功能,0,,
m_rw_4_2_0_365,抽芯C功能,0,,
m_rw_6_2_0_365,抽芯D功能,0,,
m_rw_8_1_0_365,抽芯入自保,0,,
m_rw_9_1_0_365,特殊功能,0,,
m_rw_10_11_0_365,减速速度,0,,
m_rw_21_11_0_365,减速齿数,0,,
m_rw_0_16_0_366,减速压力,0,,
m_rw_16_8_0_366,减速1速度,0,,
m_rw_24_8_0_366,减速2速度,0,,
m_rw_0_16_1_367,减速1行程,0,,
m_rw_16_16_1_367,减速2行程,0,,
m_rw_0_17_2_368,座进快速位置,0,,
m_rw_17_15_1_368,座进快速压力,0,,
m_rw_0_10_1_369,座进快速速度,0,,
m_rw_10_22_0_369,座进快速预留,0,,
s_rw_0_10_0_370,座进快速压力上升斜率,0,,
s_rw_10_10_0_370,座进快速压力下降斜率,0,,
s_rw_20_12_0_370,座进快速预留,0,,
s_rw_0_10_0_371,座进快速速度上升斜率,0,,
s_rw_10_10_0_371,座进快速速度下降斜率,0,,
s_rw_20_12_0_371,座进快速预留,0,,
m_rw_0_17_2_372,座进慢速位置,0,,
m_rw_17_15_1_372,座进慢速压力,0,,
m_rw_0_10_1_373,座进慢速速度,0,,
m_rw_10_22_0_373,座进慢速预留,0,,
s_rw_0_10_0_374,座进慢速压力上升斜率,0,,
s_rw_10_10_0_374,座进慢速压力下降斜率,0,,
s_rw_20_12_0_374,座进慢速预留,0,,
s_rw_0_10_0_375,座进慢速速度上升斜率,0,,
s_rw_10_10_0_375,座进慢速速度下降斜率,0,,
s_rw_20_12_0_375,座进慢速预留,0,,
m_rw_0_16_2_376,座进命令前延迟,0,,
m_rw_16_16_2_376,座进命令后延迟,0,,
s_rw_0_16_2_377,座进比例阀前延迟,0,,
s_rw_16_16_2_377,座进比例阀后延迟,0,,
m_rw_0_16_0_378,座进座进保护时间,0,,
m_rw_16_16_0_378,座进预留,0,,
s_rw_0_1_0_379,座进射座归零方向,0,,
s_rw_1_31_0_379,座进预留,0,,
m_rw_0_17_2_380,座退位置,0,,
m_rw_17_15_1_380,座退压力,0,,
m_rw_0_10_1_381,座退速度,0,,
m_rw_10_22_0_381,座退预留,0,,
s_rw_0_10_0_382,座退压力上升斜率,0,,
s_rw_10_10_0_382,座退压力下降斜率,0,,
s_rw_20_12_0_382,座退预留,0,,
s_rw_0_10_0_383,座退速度上升斜率,0,,
s_rw_10_10_0_383,座退速度下降斜率,0,,
s_rw_20_12_0_383,座退预留,0,,
m_rw_0_16_2_384,座退命令前延迟,0,,
m_rw_16_16_2_384,座退命令后延迟,0,,
s_rw_0_16_2_385,座退比例阀前延迟,0,,
s_rw_16_16_2_385,座退比例阀后延迟,0,,
m_rw_0_4_0_386,座退控制模式,0,,
m_rw_4_16_2_386,座退时间,0,,
m_rw_20_1_0_386,手动座退无限制,0,,
m_rw_21_11_0_386,预留,0,,
m_rw_0_16_0_388,手调模进压力,0,,
m_rw_16_16_0_388,手调模退压力,0,,
m_rw_0_8_0_389,手调模进速度,0,,
m_rw_8_8_0_389,手调模退速度,0,,
m_rw_16_16_0_389,手调开关模压力,0,,
m_rw_0_8_0_390,手调开关模速度,0,,
m_rw_8_16_0_390,手限压,0,,
m_rw_24_8_0_390,手限速,0,,
s_rw_0_16_0_391,自调模进压力,0,,
s_rw_16_16_0_391,自调模退压力,0,,
s_rw_0_8_0_392,自调模进速度,0,,
s_rw_8_8_0_392,自调模退速度,0,,
s_rw_16_16_0_392,自调开关模压力,0,,
s_rw_0_8_0_393,自调开关模速度,0,,
s_rw_8_16_0_393,自限压,0,,
s_rw_24_8_0_393,自限速,0,,
m_rw_0_16_2_394,调模低压模保限时,0,,
m_rw_16_16_0_394,调模低压模保限压,0,,
m_rw_0_16_0_395,调模低压模保限速,0,,
m_rw_16_16_0_395,调模预留,0,,
s_rw_0_1_0_396,调模模式,0,,
s_rw_1_10_0_396,粗调齿数,0,,
s_rw_11_10_0_396,微调齿数,0,,
s_rw_21_11_2_396,自调模延迟时间,0,,
s_rw_0_16_2_397,粗调时间,0,,
s_rw_16_16_2_397,微调时间,0,,
s_rw_0_16_2_398,自调关模限时,0,,
s_rw_16_16_2_398,自调模进限时,0,,
s_rw_0_16_2_399,自调模退时间,0,,
s_rw_16_16_2_399,自调模结束调模退时间,0,,
s_rw_0_16_2_400,调模退比例阀前延迟,0,,
s_rw_16_16_2_400,调模退比例阀后延迟,0,,
s_rw_0_16_2_401,调模进比例阀前延迟,0,,
s_rw_16_16_2_401,调模进比例阀后延迟,0,,
s_rw_0_10_0_402,调模退压力上升斜率,0,,
s_rw_10_10_0_402,调模退压力下降斜率,0,,
s_rw_20_10_0_402,调模退速度上升斜率,0,,
s_rw_30_2_0_402,预留,0,,
s_rw_0_10_0_403,调模退速度下降斜率,0,,
s_rw_10_10_0_403,调模进压力上升斜率,0,,
s_rw_20_10_0_403,调模进压力下降斜率,0,,
s_rw_30_2_0_403,预留,0,,
s_rw_0_10_0_404,调模进速度上升斜率,0,,
s_rw_10_10_0_404,调模进速度下降斜率,0,,
s_rw_20_12_0_404,预留,0,,
m_rw_0_17_1_407,自清料射一位置,0,,
m_rw_17_15_0_407,自清料射一压力,0,,
m_rw_0_16_0_408,自清料射一速度,0,,
m_rw_16_16_2_408,自清料射一时间,0,,
m_rw_0_17_1_409,自清料射二位置,0,,
m_rw_17_15_0_409,自清料射二压力,0,,
m_rw_0_16_0_410,自清料射二速度,0,,
m_rw_16_16_2_410,自清料射二时间,0,,
m_rw_0_17_1_411,自清料松退位置,0,,
m_rw_17_15_0_411,自清料松退压力,0,,
m_rw_0_16_0_412,自清料松退速度,0,,
m_rw_16_16_2_412,自清料松退时间,0,,
m_rw_0_17_1_413,自清料加料位置,0,,
m_rw_17_15_0_413,自清料加料压力,0,,
m_rw_0_16_0_414,自清料加料速度,0,,
m_rw_16_16_2_414,自清料加料时间,0,,
m_rw_0_8_0_415,清料次数,0,,
m_rw_8_16_2_415,自清料前延迟,0,,
m_rw_24_8_0_415,预留,0,,
s_rw_0_10_0_418,其他压力上升斜率,0,,
s_rw_10_10_0_418,其他压力下降斜率,0,,
s_rw_20_10_0_418,其他速度上升斜率,0,,
s_rw_30_2_0_418,预留,0,,
s_rw_0_10_0_419,其他速度下降斜率,0,,
s_rw_10_22_0_419,预留,0,,
m_rw_0_16_0_420,周期保护时间,0,,
m_rw_16_16_0_420,异常保护时间,0,,
m_rw_0_4_0_421,加料模式,0,,
m_rw_4_4_0_421,顶针模式,0,,
m_rw_8_8_0_421,顶出次数,0,,
m_rw_16_1_0_421,取出机,0,,
m_rw_17_15_2_421,再循环计时,0,,
m_rw_0_16_2_428,润滑时间,0,,
m_rw_16_16_2_428,润滑检测时间,0,,
m_rw_0_24_0_429,润滑模数,0,,
m_rw_24_1_0_429,开机润滑功能,0,,
m_rw_25_7_0_429,预留,0,,
m_rw_0_32_0_432,生产总数目标值,0,,
m_rw_0_32_0_433,良品数目标值,0,,
m_rw_0_32_0_434,劣品数目标值,0,,
m_rw_0_32_0_435,装箱模数目标值,0,,
m_rw_0_32_0_436,生产总数当前值,0,,
m_rw_0_32_0_437,良品数当前值,0,,
m_rw_0_32_0_438,劣品数当前值,0,,
m_rw_0_32_0_439,装箱模数当前值,0,,
m_rw_0_16_1_440,射出终点品管值,0,,
m_rw_16_16_1_440,加料终点品管值,0,,
m_rw_0_16_1_441,开模终点品管值,0,,
m_rw_16_16_1_441,周期时间品管值,0,,
m_rw_0_16_1_442,射出终点品管公差值,0,,
m_rw_16_16_1_442,加料终点品管公差值,0,,
m_rw_0_16_1_443,开模终点品管公差值,0,,
m_rw_16_16_1_443,周期时间品管公差值,0,,
m_rw_0_8_0_444,模穴数,0,,
m_rw_8_1_0_444,射出终点功能选择,0,,
m_rw_9_1_0_444,加料终点功能选择,0,,
m_rw_10_1_0_444,开模终点功能选择,0,,
m_rw_11_1_0_444,周期时间功能选择,0,,
m_rw_12_1_0_444,生产总数停机选择,0,,
m_rw_13_1_0_444,良品数停机选择,0,,
m_rw_14_1_0_444,劣品数停机选择,0,,
m_rw_15_1_0_444,装箱模数停机选择,0,,
m_rw_16_1_0_444,连列数品管,0,,
m_rw_17_1_0_444,品质参数读取完毕,0,,
m_rw_18_1_0_444,生产总数提示选择,0,,
m_rw_19_1_0_444,良品数提示选择,0,,
m_rw_20_1_0_444,劣品数提示选择,0,,
m_rw_21_1_0_444,装箱模数提示选择,0,,
m_rw_22_4_0_444,提示时间设定,0,,
m_rw_26_1_0_444,报警输出定时使能,0,,
m_rw_27_5_0_444,报警输出定时时间选择,0,,
m_rw_0_16_2_452,电眼保护时间,0,,
m_rw_16_16_2_452,电眼遮住时间,0,,
m_rw_0_1_0_453,电眼侦测功能使能,0,,
m_rw_1_31_0_453,预留,0,,
s_rw_0_16_2_457,马达启动保护时间,0,,
s_rw_16_16_2_457,马达过载保护时间,0,,
s_rw_0_16_2_458,马达启动延迟时间,0,,
s_rw_16_16_2_458,星三角启动时间,0,,
s_rw_0_4_0_459,马达控制模式,0,,
s_rw_4_4_0_459,变频器厂家,0,,
s_rw_8_1_0_459,星三角启动使能,0,,
s_rw_9_23_0_459,,0,,
m_rw_0_16_0_462,喷嘴加热值,0,,
m_rw_16_16_0_462,加热一段加热值,0,,
m_rw_0_16_0_463,加热二段加热值,0,,
m_rw_16_16_0_463,加热三段加热值,0,,
m_rw_0_16_0_464,加热四段加热值,0,,
m_rw_16_16_0_464,加热五段加热值,0,,
m_rw_0_16_0_465,加热六段加热值,0,,
m_rw_16_16_0_465,油温设定值,0,,
m_rw_0_16_0_466,喷嘴保温值,0,,
m_rw_16_16_0_466,加热一段保温值,0,,
m_rw_0_16_0_467,加热二段保温值,0,,
m_rw_16_16_0_467,加热三段保温值,0,,
m_rw_0_16_0_468,加热四段保温值,0,,
m_rw_16_16_0_468,加热五段保温值,0,,
m_rw_0_16_0_469,加热六段保温值,0,,
m_rw_16_16_0_469,预留,0,,
m_rw_0_16_0_470,喷嘴上偏差,0,,
m_rw_16_16_0_470,加热一段上偏差,0,,
m_rw_0_16_0_471,加热二段上偏差,0,,
m_rw_16_16_0_471,加热三段上偏差,0,,
m_rw_0_16_0_472,加热四段上偏差,0,,
m_rw_16_16_0_472,加热五段上偏差,0,,
m_rw_0_16_0_473,加热六段上偏差,0,,
m_rw_16_16_0_473,油温上偏差,0,,
m_rw_0_16_0_474,喷嘴下偏差,0,,
m_rw_16_16_0_474,加热一段下偏差,0,,
m_rw_0_16_0_475,加热二段下偏差,0,,
m_rw_16_16_0_475,加热三段下偏差,0,,
m_rw_0_16_0_476,加热四段下偏差,0,,
m_rw_16_16_0_476,加热五段下偏差,0,,
m_rw_0_16_0_477,加热六段下偏差,0,,
m_rw_16_16_0_477,预留,0,,
s_rw_0_16_0_478,喷嘴温度PID调整P值,0,,
s_rw_16_16_0_478,加热一段温度PID调整P值,0,,
s_rw_0_16_0_479,加热二段温度PID调整P值,0,,
s_rw_16_16_0_479,加热三段温度PID调整P值,0,,
s_rw_0_16_0_480,加热四段温度PID调整P值,0,,
s_rw_16_16_0_480,加热五段温度PID调整P值,0,,
s_rw_0_16_0_481,加热六段温度PID调整P值,0,,
s_rw_16_8_0_481,温控周期,0,,
s_rw_24_1_0_481,喷嘴自调功能,0,,
s_rw_25_1_0_481,加热一段自调功能,0,,
s_rw_26_1_0_481,加热二段自调功能,0,,
s_rw_27_1_0_481,加热三段自调功能,0,,
s_rw_28_1_0_481,加热四段自调功能,0,,
s_rw_29_1_0_481,加热五段自调功能,0,,
s_rw_30_1_0_481,加热六段自调功能,0,,
s_rw_31_1_0_481,喷嘴控制模式,0,,
s_rw_0_16_0_482,喷嘴温度PID调整I值,0,,
s_rw_16_16_0_482,加热一段温度PID调整I值,0,,
s_rw_0_16_0_483,加热二段温度PID调整I值,0,,
s_rw_16_16_0_483,加热三段温度PID调整I值,0,,
s_rw_0_16_0_484,加热四段温度PID调整I值,0,,
s_rw_16_16_0_484,加热五段温度PID调整I值,0,,
s_rw_0_16_0_485,加热六段温度PID调整I值,0,,
s_rw_16_10_0_485,最高料温,0,,
s_rw_26_4_0_485,温度段数,0,,
s_rw_30_1_0_485,自调优化,0,,
s_rw_31_1_0_485,预留,0,,
s_rw_0_16_0_486,喷嘴温度PID调整D值,0,,
s_rw_16_16_0_486,加热一段温度PID调整D值,0,,
s_rw_0_16_0_487,加热二段温度PID调整D值,0,,
s_rw_16_16_0_487,加热三段温度PID调整D值,0,,
s_rw_0_16_0_488,加热四段温度PID调整D值,0,,
s_rw_16_16_0_488,加热五段温度PID调整D值,0,,
s_rw_0_16_0_489,加热六段温度PID调整D值,0,,
s_rw_16_7_0_489,最高油温,0,,
s_rw_23_7_0_489,油温冷却,0,,
s_rw_30_2_0_489,预留,0,,
s_rw_0_16_0_490,喷嘴加热速度,0,,
s_rw_16_16_0_490,加热一段加热速度,0,,
s_rw_0_16_0_491,加热二段加热速度,0,,
s_rw_16_16_0_491,加热三段加热速度,0,,
s_rw_0_16_0_492,加热四段加热速度,0,,
s_rw_16_16_0_492,加热五段加热速度,0,,
s_rw_0_16_0_493,加热六段加热速度,0,,
s_rw_16_16_0_493,预留,0,,
s_rw_0_16_0_494,喷嘴温度补偿,0,,
s_rw_16_16_0_494,加热一段温度补偿,0,,
s_rw_0_16_0_495,加热二段温度补偿,0,,
s_rw_16_16_0_495,加热三段温度补偿,0,,
s_rw_0_16_0_496,加热四段温度补偿,0,,
s_rw_16_16_0_496,加热五段温度补偿,0,,
s_rw_0_16_0_497,加热六段温度补偿,0,,
s_rw_16_16_0_497,预留,0,,
m_rw_0_10_1_498,喷嘴恒温周期,0,,
m_rw_10_7_0_498,喷嘴恒温百分比,0,,
m_rw_17_7_0_498,镙杆保护时间,0,,
m_rw_24_4_0_498,加热模式,0,,
m_rw_28_1_0_498,警报切加热,0,,
m_rw_29_1_0_498,警报切保温,0,,
m_rw_30_1_0_498,镙杆保护功能,0,,
m_rw_31_1_0_498,,0,,
s_rw_0_1_0_499,喷嘴吹风使能,0,,
s_rw_1_1_0_499,加热一段吹风使能,0,,
s_rw_2_1_0_499,加热二段吹风使能,0,,
s_rw_3_1_0_499,加热三段吹风使能,0,,
s_rw_4_1_0_499,加热四段吹风使能,0,,
s_rw_5_1_0_499,加热五段吹风使能,0,,
s_rw_6_1_0_499,加热六段吹风使能,0,,
s_rw_7_1_0_499,油温报警使用,0,,
s_rw_8_8_0_499,喷嘴吹风输出点选择,0,,
s_rw_16_8_0_499,加热一段吹风输出点选择,0,,
s_rw_24_8_0_499,加热二段吹风输出点选择,0,,
s_rw_0_8_0_500,加热三段吹风输出点选择,0,,
s_rw_8_8_0_500,加热四段吹风输出点选择,0,,
s_rw_16_8_0_500,加热五段吹风输出点选择,0,,
s_rw_24_8_0_500,加热六段吹风输出点选择,0,,
s_rw_0_4_0_501,喷嘴吹风温度偏差,0,,
s_rw_4_4_0_501,加热一段吹风温度偏差,0,,
s_rw_8_4_0_501,加热二段吹风温度偏差,0,,
s_rw_12_4_0_501,加热三段吹风温度偏差,0,,
s_rw_16_4_0_501,加热四段吹风温度偏差,0,,
s_rw_20_4_0_501,加热五段吹风温度偏差,0,,
s_rw_24_4_0_501,加热六段吹风温度偏差,0,,
s_rw_28_4_0_501,预留,0,,
s_rw_0_16_1_552,动模电子尺长度,0,,
s_rw_16_16_1_552,射出电子尺长度,0,,
s_rw_0_16_1_553,座台电子尺长度,0,,
s_rw_16_16_1_553,顶针电子尺长度,0,,
s_rw_0_16_1_554,动模油缸行程,0,,
s_rw_16_16_1_554,射出油缸行程,0,,
s_rw_0_16_1_555,座台油缸行程,0,,
s_rw_16_16_1_555,顶针油缸行程,0,,
s_rw_0_16_0_556,动模油缸最大AD值,0,,
s_rw_16_16_0_556,射出油缸最大AD值,0,,
s_rw_0_16_0_557,座台油缸最大AD值,0,,
s_rw_16_16_0_557,顶针油缸最大AD值,0,,
s_rw_0_16_0_558,动模油缸最小AD值,0,,
s_rw_16_16_0_558,射出油缸最小AD值,0,,
s_rw_0_16_0_559,座台油缸最小AD值,0,,
s_rw_16_16_0_559,顶针油缸最小AD值,0,,
s_rw_0_1_0_560,动模位置感应器,0,,
s_rw_1_1_0_560,射出位置感应器,0,,
s_rw_2_1_0_560,座台位置感应器,0,,
s_rw_3_1_0_560,顶针位置感应器,0,,
s_rw_4_3_0_560,动模AD通道,0,,
s_rw_7_3_0_560,射出AD通道,0,,
s_rw_10_3_0_560,座台AD通道,0,,
s_rw_13_3_0_560,顶针AD通道,0,,
s_rw_16_8_0_560,装载新模号,0,,
s_rw_24_8_0_560,进入CANOpen调试页面,0,,
s_rw_0_16_0_561,测试压力,0,,
s_rw_16_16_0_561,测试背压,0,,
s_rw_0_5_0_562,设定调整比例阀段数,0,,
s_rw_5_5_0_562,压力调整总段数,0,,
s_rw_10_5_0_562,速度调整总段数,0,,
s_rw_15_5_0_562,背压调整总段数,0,,
s_rw_20_8_0_562,测试速度,0,,
s_rw_28_2_0_562,调整项目,0,,
s_rw_30_2_0_562,预留,0,,
s_rw_0_16_0_563,设定1段系统压,0,,
s_rw_16_16_0_563,设定2段系统压,0,,
s_rw_0_16_0_564,设定3段系统压,0,,
s_rw_16_16_0_564,设定4段系统压,0,,
s_rw_0_16_0_565,设定5段系统压,0,,
s_rw_16_16_0_565,设定6段系统压,0,,
s_rw_0_16_0_566,设定7段系统压,0,,
s_rw_16_16_0_566,设定8段系统压,0,,
s_rw_0_16_0_567,设定9段系统压,0,,
s_rw_16_16_0_567,设定10段系统压,0,,
s_rw_0_16_0_568,设定11段系统压,0,,
s_rw_16_16_0_568,设定12段系统压,0,,
s_rw_0_16_0_569,设定13段系统压,0,,
s_rw_16_16_0_569,设定14段系统压,0,,
s_rw_0_16_0_570,设定15段系统压,0,,
s_rw_16_16_0_570,设定16段系统压,0,,
s_rw_0_16_0_571,设定17段系统压,0,,
s_rw_16_16_0_571,设定18段系统压,0,,
s_rw_0_16_0_572,设定19段系统压,0,,
s_rw_16_16_0_572,设定20段系统压,0,,
s_rw_0_16_0_573,设定系统压最大值,0,,
s_rw_16_16_0_573,预留,0,,
s_rw_0_16_0_574,设定1段系统压DA值,0,,
s_rw_16_16_0_574,设定2段系统压DA值,0,,
s_rw_0_16_0_575,设定3段系统压DA值,0,,
s_rw_16_16_0_575,设定4段系统压DA值,0,,
s_rw_0_16_0_576,设定5段系统压DA值,0,,
s_rw_16_16_0_576,设定6段系统压DA值,0,,
s_rw_0_16_0_577,设定7段系统压DA值,0,,
s_rw_16_16_0_577,设定8段系统压DA值,0,,
s_rw_0_16_0_578,设定9段系统压DA值,0,,
s_rw_16_16_0_578,设定10段系统压DA值,0,,
s_rw_0_16_0_579,设定11段系统压DA值,0,,
s_rw_16_16_0_579,设定12段系统压DA值,0,,
s_rw_0_16_0_580,设定13段系统压DA值,0,,
s_rw_16_16_0_580,设定14段系统压DA值,0,,
s_rw_0_16_0_581,设定15段系统压DA值,0,,
s_rw_16_16_0_581,设定16段系统压DA值,0,,
s_rw_0_16_0_582,设定17段系统压DA值,0,,
s_rw_16_16_0_582,设定18段系统压DA值,0,,
s_rw_0_16_0_583,设定19段系统压DA值,0,,
s_rw_16_16_0_583,设定20段系统压DA值,0,,
s_rw_0_16_0_584,设定1段速度,0,,
s_rw_16_16_0_584,设定2段速度,0,,
s_rw_0_16_0_585,设定3段速度,0,,
s_rw_16_16_0_585,设定4段速度,0,,
s_rw_0_16_0_586,设定5段速度,0,,
s_rw_16_16_0_586,设定6段速度,0,,
s_rw_0_16_0_587,设定7段速度,0,,
s_rw_16_16_0_587,设定8段速度,0,,
s_rw_0_16_0_588,设定9段速度,0,,
s_rw_16_16_0_588,设定10段速度,0,,
s_rw_0_16_0_589,设定11段速度,0,,
s_rw_16_16_0_589,设定12段速度,0,,
s_rw_0_16_0_590,设定13段速度,0,,
s_rw_16_16_0_590,设定14段速度,0,,
s_rw_0_16_0_591,设定15段速度,0,,
s_rw_16_16_0_591,设定16段速度,0,,
s_rw_0_16_0_592,设定17段速度,0,,
s_rw_16_16_0_592,设定18段速度,0,,
s_rw_0_16_0_593,设定19段速度,0,,
s_rw_16_16_0_593,设定20段速度,0,,
s_rw_0_16_0_594,设定速度最大值,0,,
s_rw_16_16_0_594,预留,0,,
s_rw_0_16_0_595,设定1段速度DA值,0,,
s_rw_16_16_0_595,设定2段速度DA值,0,,
s_rw_0_16_0_596,设定3段速度DA值,0,,
s_rw_16_16_0_596,设定4段速度DA值,0,,
s_rw_0_16_0_597,设定5段速度DA值,0,,
s_rw_16_16_0_597,设定6段速度DA值,0,,
s_rw_0_16_0_598,设定7段速度DA值,0,,
s_rw_16_16_0_598,设定8段速度DA值,0,,
s_rw_0_16_0_599,设定9段速度DA值,0,,
s_rw_16_16_0_599,设定10段速度DA值,0,,
s_rw_0_16_0_600,设定11段速度DA值,0,,
s_rw_16_16_0_600,设定12段速度DA值,0,,
s_rw_0_16_0_601,设定13段速度DA值,0,,
s_rw_16_16_0_601,设定14段速度DA值,0,,
s_rw_0_16_0_602,设定15段速度DA值,0,,
s_rw_16_16_0_602,设定16段速度DA值,0,,
s_rw_0_16_0_603,设定17段速度DA值,0,,
s_rw_16_16_0_603,设定18段速度DA值,0,,
s_rw_0_16_0_604,设定19段速度DA值,0,,
s_rw_16_16_0_604,设定20段速度DA值,0,,
s_rw_0_16_0_605,设定1段背压,0,,
s_rw_16_16_0_605,设定2段背压,0,,
s_rw_0_16_0_606,设定3段背压,0,,
s_rw_16_16_0_606,设定4段背压,0,,
s_rw_0_16_0_607,设定5段背压,0,,
s_rw_16_16_0_607,设定6段背压,0,,
s_rw_0_16_0_608,设定7段背压,0,,
s_rw_16_16_0_608,设定8段背压,0,,
s_rw_0_16_0_609,设定9段背压,0,,
s_rw_16_16_0_609,设定10段背压,0,,
s_rw_0_16_0_610,设定11段背压,0,,
s_rw_16_16_0_610,设定12段背压,0,,
s_rw_0_16_0_611,设定13段背压,0,,
s_rw_16_16_0_611,设定14段背压,0,,
s_rw_0_16_0_612,设定15段背压,0,,
s_rw_16_16_0_612,设定16段背压,0,,
s_rw_0_16_0_613,设定17段背压,0,,
s_rw_16_16_0_613,设定18段背压,0,,
s_rw_0_16_0_614,设定19段背压,0,,
s_rw_16_16_0_614,设定20段背压,0,,
s_rw_0_16_0_615,设定背压最大值,0,,
s_rw_16_16_0_615,预留,0,,
s_rw_0_16_0_616,设定1段背压DA值,0,,
s_rw_16_16_0_616,设定2段背压DA值,0,,
s_rw_0_16_0_617,设定3段背压DA值,0,,
s_rw_16_16_0_617,设定4段背压DA值,0,,
s_rw_0_16_0_618,设定5段背压DA值,0,,
s_rw_16_16_0_618,设定6段背压DA值,0,,
s_rw_0_16_0_619,设定7段背压DA值,0,,
s_rw_16_16_0_619,设定8段背压DA值,0,,
s_rw_0_16_0_620,设定9段背压DA值,0,,
s_rw_16_16_0_620,设定10段背压DA值,0,,
s_rw_0_16_0_621,设定11段背压DA值,0,,
s_rw_16_16_0_621,设定12段背压DA值,0,,
s_rw_0_16_0_622,设定13段背压DA值,0,,
s_rw_16_16_0_622,设定14段背压DA值,0,,
s_rw_0_16_0_623,设定15段背压DA值,0,,
s_rw_16_16_0_623,设定16段背压DA值,0,,
s_rw_0_16_0_624,设定17段背压DA值,0,,
s_rw_16_16_0_624,设定18段背压DA值,0,,
s_rw_0_16_0_625,设定19段背压DA值,0,,
s_rw_16_16_0_625,设定20段背压DA值,0,,
s_rw_0_10_1_626,最小系统压,0,,
s_rw_10_10_1_626,最大系统压,0,,
s_rw_20_10_1_626,待机系统压,0,,
s_rw_30_2_0_626,系统压通道映射,0,,
s_rw_0_10_1_627,最小速度,0,,
s_rw_10_10_1_627,最大速度,0,,
s_rw_20_10_1_627,待机速度,0,,
s_rw_30_2_0_627,速度通道映射,0,,
s_rw_0_10_1_628,最小背压,0,,
s_rw_10_10_1_628,最大背压,0,,
s_rw_20_10_1_628,待机背压,0,,
s_rw_30_2_0_628,背压通道映射,0,,
s_rw_0_1_0_629,安全门关调模,0,,
s_rw_1_1_0_629,开关模正负10V输出,0,,
s_rw_2_1_0_629,射出正负10V输出,0,,
s_rw_3_1_0_629,加料正负10V输出,0,,
s_rw_4_1_0_629,安全门开禁止射胶,0,,
s_rw_5_1_0_629,安全门开禁止座进,0,,
s_rw_6_1_0_629,开关模正负10V输出方向取反,0,,
s_rw_7_1_0_629,射出正负10V输出方向取反,0,,
s_rw_8_1_0_629,加料正负10V输出方向取反,0,,
s_rw_9_1_0_629,安全门开禁止开模,0,,
s_rw_10_1_0_629,安全门开禁止顶出,0,,
s_rw_11_1_0_629,安全门开禁止入芯,0,,
s_rw_12_1_0_629,机械手联调测试,0,,
s_rw_13_1_0_629,安全门开禁止出芯,0,,
s_rw_14_1_0_629,加料动作有松退,0,,
s_rw_15_1_0_629,双油路使能,0,,
s_rw_16_1_0_629,安全门开转手动,0,,
s_rw_17_1_0_629,直压机构使用,0,,
s_rw_18_2_0_629,开关模正负10V映射,0,,
s_rw_20_2_0_629,射出正负10V映射,0,,
s_rw_22_2_0_629,加料正负10V映射,0,,
s_rw_24_8_2_629,安全门防抖时间,0,,
s_rw_0_10_0_630,段数,0,,
s_rw_10_10_0_630,动作,0,,
s_rw_20_9_0_630,输出点,0,,
s_rw_29_1_0_630,使能,0,,
s_rw_30_2_0_630,模式,0,,
s_rw_0_10_0_631,段数,0,,
s_rw_10_10_0_631,动作,0,,
s_rw_20_9_0_631,输出点,0,,
s_rw_29_1_0_631,使能,0,,
s_rw_30_2_0_631,模式,0,,
s_rw_0_10_0_632,段数,0,,
s_rw_10_10_0_632,动作,0,,
s_rw_20_9_0_632,输出点,0,,
s_rw_29_1_0_632,使能,0,,
s_rw_30_2_0_632,模式,0,,
s_rw_0_10_0_633,段数,0,,
s_rw_10_10_0_633,动作,0,,
s_rw_20_9_0_633,输出点,0,,
s_rw_29_1_0_633,使能,0,,
s_rw_30_2_0_633,模式,0,,
s_rw_0_10_0_634,段数,0,,
s_rw_10_10_0_634,动作,0,,
s_rw_20_9_0_634,输出点,0,,
s_rw_29_1_0_634,使能,0,,
s_rw_30_2_0_634,模式,0,,
s_rw_0_10_0_635,段数,0,,
s_rw_10_10_0_635,动作,0,,
s_rw_20_9_0_635,输出点,0,,
s_rw_29_1_0_635,使能,0,,
s_rw_30_2_0_635,模式,0,,
s_rw_0_10_0_636,段数,0,,
s_rw_10_10_0_636,动作,0,,
s_rw_20_9_0_636,输出点,0,,
s_rw_29_1_0_636,使能,0,,
s_rw_30_2_0_636,模式,0,,
s_rw_0_10_0_637,段数,0,,
s_rw_10_10_0_637,动作,0,,
s_rw_20_9_0_637,输出点,0,,
s_rw_29_1_0_637,使能,0,,
s_rw_30_2_0_637,模式,0,,
s_rw_0_10_0_638,段数,0,,
s_rw_10_10_0_638,动作,0,,
s_rw_20_9_0_638,输出点,0,,
s_rw_29_1_0_638,使能,0,,
s_rw_30_2_0_638,模式,0,,
s_rw_0_10_0_639,段数,0,,
s_rw_10_10_0_639,动作,0,,
s_rw_20_9_0_639,输出点,0,,
s_rw_29_1_0_639,使能,0,,
s_rw_30_2_0_639,模式,0,,
s_rw_0_10_0_640,段数,0,,
s_rw_10_10_0_640,动作,0,,
s_rw_20_9_0_640,输出点,0,,
s_rw_29_1_0_640,使能,0,,
s_rw_30_2_0_640,模式,0,,
s_rw_0_10_0_641,段数,0,,
s_rw_10_10_0_641,动作,0,,
s_rw_20_9_0_641,输出点,0,,
s_rw_29_1_0_641,使能,0,,
s_rw_30_2_0_641,模式,0,,
s_rw_0_10_0_642,段数,0,,
s_rw_10_10_0_642,动作,0,,
s_rw_20_9_0_642,输出点,0,,
s_rw_29_1_0_642,使能,0,,
s_rw_30_2_0_642,模式,0,,
s_rw_0_10_0_643,段数,0,,
s_rw_10_10_0_643,动作,0,,
s_rw_20_9_0_643,输出点,0,,
s_rw_29_1_0_643,使能,0,,
s_rw_30_2_0_643,模式,0,,
s_rw_0_10_0_644,段数,0,,
s_rw_10_10_0_644,动作,0,,
s_rw_20_9_0_644,输出点,0,,
s_rw_29_1_0_644,使能,0,,
s_rw_30_2_0_644,模式,0,,
s_rw_0_10_0_645,段数,0,,
s_rw_10_10_0_645,动作,0,,
s_rw_20_9_0_645,输出点,0,,
s_rw_29_1_0_645,使能,0,,
s_rw_30_2_0_645,模式,0,,
s_rw_0_10_0_646,段数,0,,
s_rw_10_10_0_646,动作,0,,
s_rw_20_9_0_646,输出点,0,,
s_rw_29_1_0_646,使能,0,,
s_rw_30_2_0_646,模式,0,,
s_rw_0_10_0_647,段数,0,,
s_rw_10_10_0_647,动作,0,,
s_rw_20_9_0_647,输出点,0,,
s_rw_29_1_0_647,使能,0,,
s_rw_30_2_0_647,模式,0,,
s_rw_0_10_0_648,段数,0,,
s_rw_10_10_0_648,动作,0,,
s_rw_20_9_0_648,输出点,0,,
s_rw_29_1_0_648,使能,0,,
s_rw_30_2_0_648,模式,0,,
s_rw_0_10_0_649,段数,0,,
s_rw_10_10_0_649,动作,0,,
s_rw_20_9_0_649,输出点,0,,
s_rw_29_1_0_649,使能,0,,
s_rw_30_2_0_649,模式,0,,
s_rw_0_2_0_650,X0到X17模拟输入,0,,
s_rw_2_2_0_650,X0到X17模拟输入,0,,
s_rw_4_2_0_650,X0到X17模拟输入,0,,
s_rw_6_2_0_650,X0到X17模拟输入,0,,
s_rw_8_2_0_650,X0到X17模拟输入,0,,
s_rw_10_2_0_650,X0到X17模拟输入,0,,
s_rw_12_2_0_650,X0到X17模拟输入,0,,
s_rw_14_2_0_650,X0到X17模拟输入,0,,
s_rw_16_2_0_650,X0到X17模拟输入,0,,
s_rw_18_2_0_650,X0到X17模拟输入,0,,
s_rw_20_2_0_650,X0到X17模拟输入,0,,
s_rw_22_2_0_650,X0到X17模拟输入,0,,
s_rw_24_2_0_650,X0到X17模拟输入,0,,
s_rw_26_2_0_650,X0到X17模拟输入,0,,
s_rw_28_2_0_650,X0到X17模拟输入,0,,
s_rw_30_2_0_650,X0到X17模拟输入,0,,
s_rw_0_2_0_651,X20到X37模拟输入,0,,
s_rw_2_2_0_651,X20到X37模拟输入,0,,
s_rw_4_2_0_651,X20到X37模拟输入,0,,
s_rw_6_2_0_651,X20到X37模拟输入,0,,
s_rw_8_2_0_651,X20到X37模拟输入,0,,
s_rw_10_2_0_651,X20到X37模拟输入,0,,
s_rw_12_2_0_651,X20到X37模拟输入,0,,
s_rw_14_2_0_651,X20到X37模拟输入,0,,
s_rw_16_2_0_651,X20到X37模拟输入,0,,
s_rw_18_2_0_651,X20到X37模拟输入,0,,
s_rw_20_2_0_651,X20到X37模拟输入,0,,
s_rw_22_2_0_651,X20到X37模拟输入,0,,
s_rw_24_2_0_651,X20到X37模拟输入,0,,
s_rw_26_2_0_651,X20到X37模拟输入,0,,
s_rw_28_2_0_651,X20到X37模拟输入,0,,
s_rw_30_2_0_651,X20到X37模拟输入,0,,
s_rw_0_2_0_652,Y0到Y17模拟输入,0,,
s_rw_2_2_0_652,Y0到Y17模拟输入,0,,
s_rw_4_2_0_652,Y0到Y17模拟输入,0,,
s_rw_6_2_0_652,Y0到Y17模拟输入,0,,
s_rw_8_2_0_652,Y0到Y17模拟输入,0,,
s_rw_10_2_0_652,Y0到Y17模拟输入,0,,
s_rw_12_2_0_652,Y0到Y17模拟输入,0,,
s_rw_14_2_0_652,Y0到Y17模拟输入,0,,
s_rw_16_2_0_652,Y0到Y17模拟输入,0,,
s_rw_18_2_0_652,Y0到Y17模拟输入,0,,
s_rw_20_2_0_652,Y0到Y17模拟输入,0,,
s_rw_22_2_0_652,Y0到Y17模拟输入,0,,
s_rw_24_2_0_652,Y0到Y17模拟输入,0,,
s_rw_26_2_0_652,Y0到Y17模拟输入,0,,
s_rw_28_2_0_652,Y0到Y17模拟输入,0,,
s_rw_30_2_0_652,Y0到Y17模拟输入,0,,
s_rw_0_2_0_653,Y20到Y37模拟输入,0,,
s_rw_2_2_0_653,Y20到Y37模拟输入,0,,
s_rw_4_2_0_653,Y20到Y37模拟输入,0,,
s_rw_6_2_0_653,Y20到Y37模拟输入,0,,
s_rw_8_2_0_653,Y20到Y37模拟输入,0,,
s_rw_10_2_0_653,Y20到Y37模拟输入,0,,
s_rw_12_2_0_653,Y20到Y37模拟输入,0,,
s_rw_14_2_0_653,Y20到Y37模拟输入,0,,
s_rw_16_2_0_653,Y20到Y37模拟输入,0,,
s_rw_18_2_0_653,Y20到Y37模拟输入,0,,
s_rw_20_2_0_653,Y20到Y37模拟输入,0,,
s_rw_22_2_0_653,Y20到Y37模拟输入,0,,
s_rw_24_2_0_653,Y20到Y37模拟输入,0,,
s_rw_26_2_0_653,Y20到Y37模拟输入,0,,
s_rw_28_2_0_653,Y20到Y37模拟输入,0,,
s_rw_30_2_0_653,Y20到Y37模拟输入,0,,
s_rw_0_2_0_654,Y40到Y47模拟输入,0,,
s_rw_2_2_0_654,Y40到Y47模拟输入,0,,
s_rw_4_2_0_654,Y40到Y47模拟输入,0,,
s_rw_6_2_0_654,Y40到Y47模拟输入,0,,
s_rw_8_2_0_654,Y40到Y47模拟输入,0,,
s_rw_10_2_0_654,Y40到Y47模拟输入,0,,
s_rw_12_2_0_654,Y40到Y47模拟输入,0,,
s_rw_14_2_0_654,Y40到Y47模拟输入,0,,
s_rw_16_2_0_654,Y40到Y47模拟输入,0,,
s_rw_18_2_0_654,Y40到Y47模拟输入,0,,
s_rw_20_2_0_654,Y40到Y47模拟输入,0,,
s_rw_22_2_0_654,Y40到Y47模拟输入,0,,
s_rw_24_2_0_654,Y40到Y47模拟输入,0,,
s_rw_26_2_0_654,Y40到Y47模拟输入,0,,
s_rw_28_2_0_654,Y40到Y47模拟输入,0,,
s_rw_30_2_0_654,Y40到Y47模拟输入,0,,
s_rw_0_8_0_655,泵总数,0,,
s_rw_8_8_0_655,泵分段段数,0,,
s_rw_16_14_0_655,预留,0,,
s_rw_30_1_0_655,模式,0,,
s_rw_31_1_0_655,使能,0,,
s_rw_0_8_0_656,输出点,0,,
s_rw_8_12_0_656,泵功率,0,,
s_rw_20_12_0_656,泵选择,0,,
s_rw_0_8_0_657,输出点,0,,
s_rw_8_12_0_657,泵功率,0,,
s_rw_20_12_0_657,泵选择,0,,
s_rw_0_8_0_658,输出点,0,,
s_rw_8_12_0_658,泵功率,0,,
s_rw_20_12_0_658,泵选择,0,,
s_rw_0_8_0_659,输出点,0,,
s_rw_8_12_0_659,泵功率,0,,
s_rw_20_12_0_659,泵选择,0,,
s_rw_0_8_0_660,输出点,0,,
s_rw_8_12_0_660,泵功率,0,,
s_rw_20_12_0_660,泵选择,0,,
s_rw_0_8_0_661,输出点,0,,
s_rw_8_12_0_661,泵功率,0,,
s_rw_20_12_0_661,泵选择,0,,
s_rw_0_8_0_662,输出点,0,,
s_rw_8_12_0_662,泵功率,0,,
s_rw_20_12_0_662,泵选择,0,,
s_rw_0_8_0_663,输出点,0,,
s_rw_8_12_0_663,泵功率,0,,
s_rw_20_12_0_663,泵选择,0,,
s_rw_0_8_0_664,输出点,0,,
s_rw_8_12_0_664,泵功率,0,,
s_rw_20_12_0_664,泵选择,0,,
s_rw_0_8_0_665,输出点,0,,
s_rw_8_12_0_665,泵功率,0,,
s_rw_20_12_0_665,泵选择,0,,
s_rw_0_8_0_666,输出点,0,,
s_rw_8_12_0_666,泵功率,0,,
s_rw_20_12_0_666,泵选择,0,,
s_rw_0_8_0_667,输出点,0,,
s_rw_8_12_0_667,泵功率,0,,
s_rw_20_12_0_667,泵选择,0,,
s_rw_0_8_0_668,输出点,0,,
s_rw_8_12_0_668,泵功率,0,,
s_rw_20_12_0_668,泵选择,0,,
s_rw_0_8_0_669,输出点,0,,
s_rw_8_12_0_669,泵功率,0,,
s_rw_20_12_0_669,泵选择,0,,
s_rw_0_8_0_670,输出点,0,,
s_rw_8_12_0_670,泵功率,0,,
s_rw_20_12_0_670,泵选择,0,,
s_rw_0_8_0_671,输出点,0,,
s_rw_8_12_0_671,泵功率,0,,
s_rw_20_12_0_671,泵选择,0,,
s_rw_0_8_0_672,输出点,0,,
s_rw_8_12_0_672,泵功率,0,,
s_rw_20_12_0_672,泵选择,0,,
s_rw_0_8_0_673,输出点,0,,
s_rw_8_12_0_673,泵功率,0,,
s_rw_20_12_0_673,泵选择,0,,
s_rw_0_8_0_674,输出点,0,,
s_rw_8_12_0_674,泵功率,0,,
s_rw_20_12_0_674,泵选择,0,,
s_rw_0_8_0_675,输出点,0,,
s_rw_8_12_0_675,泵功率,0,,
s_rw_20_12_0_675,泵选择,0,,
s_rw_0_8_0_676,速度范围,0,,
s_rw_8_8_0_676,速度范围,0,,
s_rw_16_8_0_676,速度范围,0,,
s_rw_24_8_0_676,速度范围,0,,
s_rw_0_8_0_677,速度范围,0,,
s_rw_8_8_0_677,速度范围,0,,
s_rw_16_8_0_677,速度范围,0,,
s_rw_24_8_0_677,速度范围,0,,
s_rw_0_8_0_678,速度范围,0,,
s_rw_8_8_0_678,速度范围,0,,
s_rw_16_8_0_678,速度范围,0,,
s_rw_24_8_0_678,速度范围,0,,
s_rw_0_8_0_679,速度范围,0,,
s_rw_8_8_0_679,速度范围,0,,
s_rw_16_8_0_679,速度范围,0,,
s_rw_24_8_0_679,速度范围,0,,
s_rw_0_8_0_680,速度范围,0,,
s_rw_8_8_0_680,速度范围,0,,
s_rw_16_8_0_680,速度范围,0,,
s_rw_24_8_0_680,速度范围,0,,
s_rw_0_8_0_681,第0IO输入口映射,0,,
s_rw_8_8_0_681,第1IO输入口映射,0,,
s_rw_16_8_0_681,第2IO输入口映射,0,,
s_rw_24_8_0_681,第3IO输入口映射,0,,
s_rw_0_8_0_682,第4IO输入口映射,0,,
s_rw_8_8_0_682,第5IO输入口映射,0,,
s_rw_16_8_0_682,第6IO输入口映射,0,,
s_rw_24_8_0_682,第7IO输入口映射,0,,
s_rw_0_8_0_683,第8IO输入口映射,0,,
s_rw_8_8_0_683,第9IO输入口映射,0,,
s_rw_16_8_0_683,第10IO输入口映射,0,,
s_rw_24_8_0_683,第11IO输入口映射,0,,
s_rw_0_8_0_684,第12IO输入口映射,0,,
s_rw_8_8_0_684,第13IO输入口映射,0,,
s_rw_16_8_0_684,第14IO输入口映射,0,,
s_rw_24_8_0_684,第15IO输入口映射,0,,
s_rw_0_8_0_685,第16IO输入口映射,0,,
s_rw_8_8_0_685,第17IO输入口映射,0,,
s_rw_16_8_0_685,第18IO输入口映射,0,,
s_rw_24_8_0_685,第19IO输入口映射,0,,
s_rw_0_8_0_686,第20IO输入口映射,0,,
s_rw_8_8_0_686,第21IO输入口映射,0,,
s_rw_16_8_0_686,第22IO输入口映射,0,,
s_rw_24_8_0_686,第23IO输入口映射,0,,
s_rw_0_8_0_687,第24IO输入口映射,0,,
s_rw_8_8_0_687,第25IO输入口映射,0,,
s_rw_16_8_0_687,第26IO输入口映射,0,,
s_rw_24_8_0_687,第27IO输入口映射,0,,
s_rw_0_8_0_688,第28IO输入口映射,0,,
s_rw_8_8_0_688,第29IO输入口映射,0,,
s_rw_16_8_0_688,第30IO输入口映射,0,,
s_rw_24_8_0_688,第31IO输入口映射,0,,
s_rw_0_8_0_689,第0IO输出口映射,0,,
s_rw_8_8_0_689,第1IO输出口映射,0,,
s_rw_16_8_0_689,第2IO输出口映射,0,,
s_rw_24_8_0_689,第3IO输出口映射,0,,
s_rw_0_8_0_690,第4IO输出口映射,0,,
s_rw_8_8_0_690,第5IO输出口映射,0,,
s_rw_16_8_0_690,第6IO输出口映射,0,,
s_rw_24_8_0_690,第7IO输出口映射,0,,
s_rw_0_8_0_691,第8IO输出口映射,0,,
s_rw_8_8_0_691,第9IO输出口映射,0,,
s_rw_16_8_0_691,第10IO输出口映射,0,,
s_rw_24_8_0_691,第11IO输出口映射,0,,
s_rw_0_8_0_692,第12IO输出口映射,0,,
s_rw_8_8_0_692,第13IO输出口映射,0,,
s_rw_16_8_0_692,第14IO输出口映射,0,,
s_rw_24_8_0_692,第15IO输出口映射,0,,
s_rw_0_8_0_693,第16IO输出口映射,0,,
s_rw_8_8_0_693,第17IO输出口映射,0,,
s_rw_16_8_0_693,第18IO输出口映射,0,,
s_rw_24_8_0_693,第19IO输出口映射,0,,
s_rw_0_8_0_694,第20IO输出口映射,0,,
s_rw_8_8_0_694,第21IO输出口映射,0,,
s_rw_16_8_0_694,第22IO输出口映射,0,,
s_rw_24_8_0_694,第23IO输出口映射,0,,
s_rw_0_8_0_695,第24IO输出口映射,0,,
s_rw_8_8_0_695,第25IO输出口映射,0,,
s_rw_16_8_0_695,第26IO输出口映射,0,,
s_rw_24_8_0_695,第27IO输出口映射,0,,
s_rw_0_8_0_696,第28IO输出口映射,0,,
s_rw_8_8_0_696,第29IO输出口映射,0,,
s_rw_16_8_0_696,第30IO输出口映射,0,,
s_rw_24_8_0_696,第31IO输出口映射,0,,
s_rw_0_8_0_697,第32IO输出口映射,0,,
s_rw_8_8_0_697,第33IO输出口映射,0,,
s_rw_16_8_0_697,第34IO输出口映射,0,,
s_rw_24_8_0_697,第35IO输出口映射,0,,
s_rw_0_8_0_698,第36IO输出口映射,0,,
s_rw_8_8_0_698,第37IO输出口映射,0,,
s_rw_16_8_0_698,第38IO输出口映射,0,,
s_rw_24_8_0_698,第39IO输出口映射,0,,
m_rw_0_16_0_699,限压低压模保,0,,
m_rw_16_16_0_699,限速低压模保,0,,
m_rw_0_16_0_700,限压顶针动作,0,,
m_rw_16_16_0_700,限速顶针动作,0,,
m_rw_0_16_0_701,限压抽芯动作,0,,
m_rw_16_16_0_701,限速抽芯动作,0,,
m_rw_0_16_0_702,限压加料动作,0,,
m_rw_16_16_0_702,限速加料动作,0,,
s_rw_0_8_0_703,第0IO输出口定义,0,,
s_rw_8_8_0_703,第1IO输出口定义,0,,
s_rw_16_8_0_703,第2IO输出口定义,0,,
s_rw_24_8_0_703,第3IO输出口定义,0,,
s_rw_0_8_0_704,第4IO输出口定义,0,,
s_rw_8_8_0_704,第5IO输出口定义,0,,
s_rw_16_8_0_704,第6IO输出口定义,0,,
s_rw_24_8_0_704,第7IO输出口定义,0,,
s_rw_0_8_0_705,第8IO输出口定义,0,,
s_rw_8_8_0_705,第9IO输出口定义,0,,
s_rw_16_8_0_705,第10IO输出口定义,0,,
s_rw_24_8_0_705,第11IO输出口定义,0,,
s_rw_0_8_0_706,第12IO输出口定义,0,,
s_rw_8_8_0_706,第13IO输出口定义,0,,
s_rw_16_8_0_706,第14IO输出口定义,0,,
s_rw_24_8_0_706,第15IO输出口定义,0,,
s_rw_0_8_0_707,第16IO输出口定义,0,,
s_rw_8_8_0_707,第17IO输出口定义,0,,
s_rw_16_8_0_707,第18IO输出口定义,0,,
s_rw_24_8_0_707,第19IO输出口定义,0,,
s_rw_0_8_0_708,第20IO输出口定义,0,,
s_rw_8_8_0_708,第21IO输出口定义,0,,
s_rw_16_8_0_708,第22IO输出口定义,0,,
s_rw_24_8_0_708,第23IO输出口定义,0,,
s_rw_0_8_0_709,第24IO输出口定义,0,,
s_rw_8_8_0_709,第25IO输出口定义,0,,
s_rw_16_8_0_709,第26IO输出口定义,0,,
s_rw_24_8_0_709,第27IO输出口定义,0,,
s_rw_0_8_0_710,第28IO输出口定义,0,,
s_rw_8_8_0_710,第29IO输出口定义,0,,
s_rw_16_8_0_710,第30IO输出口定义,0,,
s_rw_24_8_0_710,第31IO输出口定义,0,,
s_rw_0_8_0_711,第32IO输出口定义,0,,
s_rw_8_8_0_711,第33IO输出口定义,0,,
s_rw_16_8_0_711,第34IO输出口定义,0,,
s_rw_24_8_0_711,第35IO输出口定义,0,,
s_rw_0_8_0_712,第36IO输出口定义,0,,
s_rw_8_8_0_712,第37IO输出口定义,0,,
s_rw_16_8_0_712,第38IO输出口定义,0,,
s_rw_24_8_0_712,第39IO输出口定义,0,,
s_rw_0_1_0_752,报警使能,0,,
s_rw_1_1_0_752,提示,0,,
s_rw_2_1_0_752,闪灯,0,,
s_rw_3_1_0_752,发声,0,,
s_rw_4_1_0_752,触发异常时间倒计时,0,,
s_rw_5_1_0_752,转手动,0,,
s_rw_6_1_0_752,停电机,0,,
s_rw_7_25_0_752,预留,0,,
s_rw_0_1_0_753,报警使能,0,,
s_rw_1_1_0_753,提示,0,,
s_rw_2_1_0_753,闪灯,0,,
s_rw_3_1_0_753,发声,0,,
s_rw_4_1_0_753,触发异常时间倒计时,0,,
s_rw_5_1_0_753,转手动,0,,
s_rw_6_1_0_753,停电机,0,,
s_rw_7_25_0_753,预留,0,,
s_rw_0_1_0_754,报警使能,0,,
s_rw_1_1_0_754,提示,0,,
s_rw_2_1_0_754,闪灯,0,,
s_rw_3_1_0_754,发声,0,,
s_rw_4_1_0_754,触发异常时间倒计时,0,,
s_rw_5_1_0_754,转手动,0,,
s_rw_6_1_0_754,停电机,0,,
s_rw_7_25_0_754,预留,0,,
s_rw_0_1_0_755,报警使能,0,,
s_rw_1_1_0_755,提示,0,,
s_rw_2_1_0_755,闪灯,0,,
s_rw_3_1_0_755,发声,0,,
s_rw_4_1_0_755,触发异常时间倒计时,0,,
s_rw_5_1_0_755,转手动,0,,
s_rw_6_1_0_755,停电机,0,,
s_rw_7_25_0_755,预留,0,,
s_rw_0_1_0_756,报警使能,0,,
s_rw_1_1_0_756,提示,0,,
s_rw_2_1_0_756,闪灯,0,,
s_rw_3_1_0_756,发声,0,,
s_rw_4_1_0_756,触发异常时间倒计时,0,,
s_rw_5_1_0_756,转手动,0,,
s_rw_6_1_0_756,停电机,0,,
s_rw_7_25_0_756,预留,0,,
s_rw_0_1_0_757,报警使能,0,,
s_rw_1_1_0_757,提示,0,,
s_rw_2_1_0_757,闪灯,0,,
s_rw_3_1_0_757,发声,0,,
s_rw_4_1_0_757,触发异常时间倒计时,0,,
s_rw_5_1_0_757,转手动,0,,
s_rw_6_1_0_757,停电机,0,,
s_rw_7_25_0_757,预留,0,,
s_rw_0_1_0_758,报警使能,0,,
s_rw_1_1_0_758,提示,0,,
s_rw_2_1_0_758,闪灯,0,,
s_rw_3_1_0_758,发声,0,,
s_rw_4_1_0_758,触发异常时间倒计时,0,,
s_rw_5_1_0_758,转手动,0,,
s_rw_6_1_0_758,停电机,0,,
s_rw_7_25_0_758,预留,0,,
s_rw_0_1_0_759,报警使能,0,,
s_rw_1_1_0_759,提示,0,,
s_rw_2_1_0_759,闪灯,0,,
s_rw_3_1_0_759,发声,0,,
s_rw_4_1_0_759,触发异常时间倒计时,0,,
s_rw_5_1_0_759,转手动,0,,
s_rw_6_1_0_759,停电机,0,,
s_rw_7_25_0_759,预留,0,,
s_rw_0_1_0_760,报警使能,0,,
s_rw_1_1_0_760,提示,0,,
s_rw_2_1_0_760,闪灯,0,,
s_rw_3_1_0_760,发声,0,,
s_rw_4_1_0_760,触发异常时间倒计时,0,,
s_rw_5_1_0_760,转手动,0,,
s_rw_6_1_0_760,停电机,0,,
s_rw_7_25_0_760,预留,0,,
s_rw_0_1_0_761,报警使能,0,,
s_rw_1_1_0_761,提示,0,,
s_rw_2_1_0_761,闪灯,0,,
s_rw_3_1_0_761,发声,0,,
s_rw_4_1_0_761,触发异常时间倒计时,0,,
s_rw_5_1_0_761,转手动,0,,
s_rw_6_1_0_761,停电机,0,,
s_rw_7_25_0_761,预留,0,,
s_rw_0_1_0_762,报警使能,0,,
s_rw_1_1_0_762,提示,0,,
s_rw_2_1_0_762,闪灯,0,,
s_rw_3_1_0_762,发声,0,,
s_rw_4_1_0_762,触发异常时间倒计时,0,,
s_rw_5_1_0_762,转手动,0,,
s_rw_6_1_0_762,停电机,0,,
s_rw_7_25_0_762,预留,0,,
s_rw_0_1_0_763,报警使能,0,,
s_rw_1_1_0_763,提示,0,,
s_rw_2_1_0_763,闪灯,0,,
s_rw_3_1_0_763,发声,0,,
s_rw_4_1_0_763,触发异常时间倒计时,0,,
s_rw_5_1_0_763,转手动,0,,
s_rw_6_1_0_763,停电机,0,,
s_rw_7_25_0_763,预留,0,,
s_rw_0_1_0_764,报警使能,0,,
s_rw_1_1_0_764,提示,0,,
s_rw_2_1_0_764,闪灯,0,,
s_rw_3_1_0_764,发声,0,,
s_rw_4_1_0_764,触发异常时间倒计时,0,,
s_rw_5_1_0_764,转手动,0,,
s_rw_6_1_0_764,停电机,0,,
s_rw_7_25_0_764,预留,0,,
s_rw_0_1_0_765,报警使能,0,,
s_rw_1_1_0_765,提示,0,,
s_rw_2_1_0_765,闪灯,0,,
s_rw_3_1_0_765,发声,0,,
s_rw_4_1_0_765,触发异常时间倒计时,0,,
s_rw_5_1_0_765,转手动,0,,
s_rw_6_1_0_765,停电机,0,,
s_rw_7_25_0_765,预留,0,,
s_rw_0_1_0_766,报警使能,0,,
s_rw_1_1_0_766,提示,0,,
s_rw_2_1_0_766,闪灯,0,,
s_rw_3_1_0_766,发声,0,,
s_rw_4_1_0_766,触发异常时间倒计时,0,,
s_rw_5_1_0_766,转手动,0,,
s_rw_6_1_0_766,停电机,0,,
s_rw_7_25_0_766,预留,0,,
s_rw_0_1_0_767,报警使能,0,,
s_rw_1_1_0_767,提示,0,,
s_rw_2_1_0_767,闪灯,0,,
s_rw_3_1_0_767,发声,0,,
s_rw_4_1_0_767,触发异常时间倒计时,0,,
s_rw_5_1_0_767,转手动,0,,
s_rw_6_1_0_767,停电机,0,,
s_rw_7_25_0_767,预留,0,,
s_rw_0_1_0_768,报警使能,0,,
s_rw_1_1_0_768,提示,0,,
s_rw_2_1_0_768,闪灯,0,,
s_rw_3_1_0_768,发声,0,,
s_rw_4_1_0_768,触发异常时间倒计时,0,,
s_rw_5_1_0_768,转手动,0,,
s_rw_6_1_0_768,停电机,0,,
s_rw_7_25_0_768,预留,0,,
s_rw_0_1_0_769,报警使能,0,,
s_rw_1_1_0_769,提示,0,,
s_rw_2_1_0_769,闪灯,0,,
s_rw_3_1_0_769,发声,0,,
s_rw_4_1_0_769,触发异常时间倒计时,0,,
s_rw_5_1_0_769,转手动,0,,
s_rw_6_1_0_769,停电机,0,,
s_rw_7_25_0_769,预留,0,,
s_rw_0_1_0_770,报警使能,0,,
s_rw_1_1_0_770,提示,0,,
s_rw_2_1_0_770,闪灯,0,,
s_rw_3_1_0_770,发声,0,,
s_rw_4_1_0_770,触发异常时间倒计时,0,,
s_rw_5_1_0_770,转手动,0,,
s_rw_6_1_0_770,停电机,0,,
s_rw_7_25_0_770,预留,0,,
s_rw_0_1_0_771,报警使能,0,,
s_rw_1_1_0_771,提示,0,,
s_rw_2_1_0_771,闪灯,0,,
s_rw_3_1_0_771,发声,0,,
s_rw_4_1_0_771,触发异常时间倒计时,0,,
s_rw_5_1_0_771,转手动,0,,
s_rw_6_1_0_771,停电机,0,,
s_rw_7_25_0_771,预留,0,,
s_rw_0_1_0_772,报警使能,0,,
s_rw_1_1_0_772,提示,0,,
s_rw_2_1_0_772,闪灯,0,,
s_rw_3_1_0_772,发声,0,,
s_rw_4_1_0_772,触发异常时间倒计时,0,,
s_rw_5_1_0_772,转手动,0,,
s_rw_6_1_0_772,停电机,0,,
s_rw_7_25_0_772,预留,0,,
s_rw_0_1_0_773,报警使能,0,,
s_rw_1_1_0_773,提示,0,,
s_rw_2_1_0_773,闪灯,0,,
s_rw_3_1_0_773,发声,0,,
s_rw_4_1_0_773,触发异常时间倒计时,0,,
s_rw_5_1_0_773,转手动,0,,
s_rw_6_1_0_773,停电机,0,,
s_rw_7_25_0_773,预留,0,,
s_rw_0_1_0_774,报警使能,0,,
s_rw_1_1_0_774,提示,0,,
s_rw_2_1_0_774,闪灯,0,,
s_rw_3_1_0_774,发声,0,,
s_rw_4_1_0_774,触发异常时间倒计时,0,,
s_rw_5_1_0_774,转手动,0,,
s_rw_6_1_0_774,停电机,0,,
s_rw_7_25_0_774,预留,0,,
s_rw_0_1_0_775,报警使能,0,,
s_rw_1_1_0_775,提示,0,,
s_rw_2_1_0_775,闪灯,0,,
s_rw_3_1_0_775,发声,0,,
s_rw_4_1_0_775,触发异常时间倒计时,0,,
s_rw_5_1_0_775,转手动,0,,
s_rw_6_1_0_775,停电机,0,,
s_rw_7_25_0_775,预留,0,,
s_rw_0_1_0_776,报警使能,0,,
s_rw_1_1_0_776,提示,0,,
s_rw_2_1_0_776,闪灯,0,,
s_rw_3_1_0_776,发声,0,,
s_rw_4_1_0_776,触发异常时间倒计时,0,,
s_rw_5_1_0_776,转手动,0,,
s_rw_6_1_0_776,停电机,0,,
s_rw_7_25_0_776,预留,0,,
s_rw_0_1_0_777,报警使能,0,,
s_rw_1_1_0_777,提示,0,,
s_rw_2_1_0_777,闪灯,0,,
s_rw_3_1_0_777,发声,0,,
s_rw_4_1_0_777,触发异常时间倒计时,0,,
s_rw_5_1_0_777,转手动,0,,
s_rw_6_1_0_777,停电机,0,,
s_rw_7_25_0_777,预留,0,,
s_rw_0_1_0_778,报警使能,0,,
s_rw_1_1_0_778,提示,0,,
s_rw_2_1_0_778,闪灯,0,,
s_rw_3_1_0_778,发声,0,,
s_rw_4_1_0_778,触发异常时间倒计时,0,,
s_rw_5_1_0_778,转手动,0,,
s_rw_6_1_0_778,停电机,0,,
s_rw_7_25_0_778,预留,0,,
s_rw_0_1_0_779,报警使能,0,,
s_rw_1_1_0_779,提示,0,,
s_rw_2_1_0_779,闪灯,0,,
s_rw_3_1_0_779,发声,0,,
s_rw_4_1_0_779,触发异常时间倒计时,0,,
s_rw_5_1_0_779,转手动,0,,
s_rw_6_1_0_779,停电机,0,,
s_rw_7_25_0_779,预留,0,,
s_rw_0_1_0_780,报警使能,0,,
s_rw_1_1_0_780,提示,0,,
s_rw_2_1_0_780,闪灯,0,,
s_rw_3_1_0_780,发声,0,,
s_rw_4_1_0_780,触发异常时间倒计时,0,,
s_rw_5_1_0_780,转手动,0,,
s_rw_6_1_0_780,停电机,0,,
s_rw_7_25_0_780,预留,0,,
s_rw_0_1_0_781,报警使能,0,,
s_rw_1_1_0_781,提示,0,,
s_rw_2_1_0_781,闪灯,0,,
s_rw_3_1_0_781,发声,0,,
s_rw_4_1_0_781,触发异常时间倒计时,0,,
s_rw_5_1_0_781,转手动,0,,
s_rw_6_1_0_781,停电机,0,,
s_rw_7_25_0_781,预留,0,,
s_rw_0_1_0_782,报警使能,0,,
s_rw_1_1_0_782,提示,0,,
s_rw_2_1_0_782,闪灯,0,,
s_rw_3_1_0_782,发声,0,,
s_rw_4_1_0_782,触发异常时间倒计时,0,,
s_rw_5_1_0_782,转手动,0,,
s_rw_6_1_0_782,停电机,0,,
s_rw_7_25_0_782,预留,0,,
s_rw_0_1_0_783,报警使能,0,,
s_rw_1_1_0_783,提示,0,,
s_rw_2_1_0_783,闪灯,0,,
s_rw_3_1_0_783,发声,0,,
s_rw_4_1_0_783,触发异常时间倒计时,0,,
s_rw_5_1_0_783,转手动,0,,
s_rw_6_1_0_783,停电机,0,,
s_rw_7_25_0_783,预留,0,,
s_rw_0_1_0_784,报警使能,0,,
s_rw_1_1_0_784,提示,0,,
s_rw_2_1_0_784,闪灯,0,,
s_rw_3_1_0_784,发声,0,,
s_rw_4_1_0_784,触发异常时间倒计时,0,,
s_rw_5_1_0_784,转手动,0,,
s_rw_6_1_0_784,停电机,0,,
s_rw_7_25_0_784,预留,0,,
s_rw_0_1_0_785,报警使能,0,,
s_rw_1_1_0_785,提示,0,,
s_rw_2_1_0_785,闪灯,0,,
s_rw_3_1_0_785,发声,0,,
s_rw_4_1_0_785,触发异常时间倒计时,0,,
s_rw_5_1_0_785,转手动,0,,
s_rw_6_1_0_785,停电机,0,,
s_rw_7_25_0_785,预留,0,,
s_rw_0_1_0_786,报警使能,0,,
s_rw_1_1_0_786,提示,0,,
s_rw_2_1_0_786,闪灯,0,,
s_rw_3_1_0_786,发声,0,,
s_rw_4_1_0_786,触发异常时间倒计时,0,,
s_rw_5_1_0_786,转手动,0,,
s_rw_6_1_0_786,停电机,0,,
s_rw_7_25_0_786,预留,0,,
s_rw_0_1_0_787,报警使能,0,,
s_rw_1_1_0_787,提示,0,,
s_rw_2_1_0_787,闪灯,0,,
s_rw_3_1_0_787,发声,0,,
s_rw_4_1_0_787,触发异常时间倒计时,0,,
s_rw_5_1_0_787,转手动,0,,
s_rw_6_1_0_787,停电机,0,,
s_rw_7_25_0_787,预留,0,,
s_rw_0_1_0_788,报警使能,0,,
s_rw_1_1_0_788,提示,0,,
s_rw_2_1_0_788,闪灯,0,,
s_rw_3_1_0_788,发声,0,,
s_rw_4_1_0_788,触发异常时间倒计时,0,,
s_rw_5_1_0_788,转手动,0,,
s_rw_6_1_0_788,停电机,0,,
s_rw_7_25_0_788,预留,0,,
s_rw_0_1_0_789,报警使能,0,,
s_rw_1_1_0_789,提示,0,,
s_rw_2_1_0_789,闪灯,0,,
s_rw_3_1_0_789,发声,0,,
s_rw_4_1_0_789,触发异常时间倒计时,0,,
s_rw_5_1_0_789,转手动,0,,
s_rw_6_1_0_789,停电机,0,,
s_rw_7_25_0_789,预留,0,,
s_rw_0_1_0_790,报警使能,0,,
s_rw_1_1_0_790,提示,0,,
s_rw_2_1_0_790,闪灯,0,,
s_rw_3_1_0_790,发声,0,,
s_rw_4_1_0_790,触发异常时间倒计时,0,,
s_rw_5_1_0_790,转手动,0,,
s_rw_6_1_0_790,停电机,0,,
s_rw_7_25_0_790,预留,0,,
s_rw_0_1_0_791,报警使能,0,,
s_rw_1_1_0_791,提示,0,,
s_rw_2_1_0_791,闪灯,0,,
s_rw_3_1_0_791,发声,0,,
s_rw_4_1_0_791,触发异常时间倒计时,0,,
s_rw_5_1_0_791,转手动,0,,
s_rw_6_1_0_791,停电机,0,,
s_rw_7_25_0_791,预留,0,,
s_rw_0_1_0_792,报警使能,0,,
s_rw_1_1_0_792,提示,0,,
s_rw_2_1_0_792,闪灯,0,,
s_rw_3_1_0_792,发声,0,,
s_rw_4_1_0_792,触发异常时间倒计时,0,,
s_rw_5_1_0_792,转手动,0,,
s_rw_6_1_0_792,停电机,0,,
s_rw_7_25_0_792,预留,0,,
s_rw_0_1_0_793,报警使能,0,,
s_rw_1_1_0_793,提示,0,,
s_rw_2_1_0_793,闪灯,0,,
s_rw_3_1_0_793,发声,0,,
s_rw_4_1_0_793,触发异常时间倒计时,0,,
s_rw_5_1_0_793,转手动,0,,
s_rw_6_1_0_793,停电机,0,,
s_rw_7_25_0_793,预留,0,,
s_rw_0_1_0_794,报警使能,0,,
s_rw_1_1_0_794,提示,0,,
s_rw_2_1_0_794,闪灯,0,,
s_rw_3_1_0_794,发声,0,,
s_rw_4_1_0_794,触发异常时间倒计时,0,,
s_rw_5_1_0_794,转手动,0,,
s_rw_6_1_0_794,停电机,0,,
s_rw_7_25_0_794,预留,0,,
s_rw_0_1_0_795,报警使能,0,,
s_rw_1_1_0_795,提示,0,,
s_rw_2_1_0_795,闪灯,0,,
s_rw_3_1_0_795,发声,0,,
s_rw_4_1_0_795,触发异常时间倒计时,0,,
s_rw_5_1_0_795,转手动,0,,
s_rw_6_1_0_795,停电机,0,,
s_rw_7_25_0_795,预留,0,,
s_rw_0_1_0_796,报警使能,0,,
s_rw_1_1_0_796,提示,0,,
s_rw_2_1_0_796,闪灯,0,,
s_rw_3_1_0_796,发声,0,,
s_rw_4_1_0_796,触发异常时间倒计时,0,,
s_rw_5_1_0_796,转手动,0,,
s_rw_6_1_0_796,停电机,0,,
s_rw_7_25_0_796,预留,0,,
s_rw_0_1_0_797,报警使能,0,,
s_rw_1_1_0_797,提示,0,,
s_rw_2_1_0_797,闪灯,0,,
s_rw_3_1_0_797,发声,0,,
s_rw_4_1_0_797,触发异常时间倒计时,0,,
s_rw_5_1_0_797,转手动,0,,
s_rw_6_1_0_797,停电机,0,,
s_rw_7_25_0_797,预留,0,,
s_rw_0_1_0_798,报警使能,0,,
s_rw_1_1_0_798,提示,0,,
s_rw_2_1_0_798,闪灯,0,,
s_rw_3_1_0_798,发声,0,,
s_rw_4_1_0_798,触发异常时间倒计时,0,,
s_rw_5_1_0_798,转手动,0,,
s_rw_6_1_0_798,停电机,0,,
s_rw_7_25_0_798,预留,0,,
s_rw_0_1_0_799,报警使能,0,,
s_rw_1_1_0_799,提示,0,,
s_rw_2_1_0_799,闪灯,0,,
s_rw_3_1_0_799,发声,0,,
s_rw_4_1_0_799,触发异常时间倒计时,0,,
s_rw_5_1_0_799,转手动,0,,
s_rw_6_1_0_799,停电机,0,,
s_rw_7_25_0_799,预留,0,,
s_rw_0_1_0_800,报警使能,0,,
s_rw_1_1_0_800,提示,0,,
s_rw_2_1_0_800,闪灯,0,,
s_rw_3_1_0_800,发声,0,,
s_rw_4_1_0_800,触发异常时间倒计时,0,,
s_rw_5_1_0_800,转手动,0,,
s_rw_6_1_0_800,停电机,0,,
s_rw_7_25_0_800,预留,0,,
s_rw_0_1_0_801,报警使能,0,,
s_rw_1_1_0_801,提示,0,,
s_rw_2_1_0_801,闪灯,0,,
s_rw_3_1_0_801,发声,0,,
s_rw_4_1_0_801,触发异常时间倒计时,0,,
s_rw_5_1_0_801,转手动,0,,
s_rw_6_1_0_801,停电机,0,,
s_rw_7_25_0_801,预留,0,,
s_rw_0_1_0_802,报警使能,0,,
s_rw_1_1_0_802,提示,0,,
s_rw_2_1_0_802,闪灯,0,,
s_rw_3_1_0_802,发声,0,,
s_rw_4_1_0_802,触发异常时间倒计时,0,,
s_rw_5_1_0_802,转手动,0,,
s_rw_6_1_0_802,停电机,0,,
s_rw_7_25_0_802,预留,0,,
s_rw_0_1_0_803,报警使能,0,,
s_rw_1_1_0_803,提示,0,,
s_rw_2_1_0_803,闪灯,0,,
s_rw_3_1_0_803,发声,0,,
s_rw_4_1_0_803,触发异常时间倒计时,0,,
s_rw_5_1_0_803,转手动,0,,
s_rw_6_1_0_803,停电机,0,,
s_rw_7_25_0_803,预留,0,,
s_rw_0_1_0_804,报警使能,0,,
s_rw_1_1_0_804,提示,0,,
s_rw_2_1_0_804,闪灯,0,,
s_rw_3_1_0_804,发声,0,,
s_rw_4_1_0_804,触发异常时间倒计时,0,,
s_rw_5_1_0_804,转手动,0,,
s_rw_6_1_0_804,停电机,0,,
s_rw_7_25_0_804,预留,0,,
s_rw_0_1_0_805,报警使能,0,,
s_rw_1_1_0_805,提示,0,,
s_rw_2_1_0_805,闪灯,0,,
s_rw_3_1_0_805,发声,0,,
s_rw_4_1_0_805,触发异常时间倒计时,0,,
s_rw_5_1_0_805,转手动,0,,
s_rw_6_1_0_805,停电机,0,,
s_rw_7_25_0_805,预留,0,,
s_rw_0_1_0_806,报警使能,0,,
s_rw_1_1_0_806,提示,0,,
s_rw_2_1_0_806,闪灯,0,,
s_rw_3_1_0_806,发声,0,,
s_rw_4_1_0_806,触发异常时间倒计时,0,,
s_rw_5_1_0_806,转手动,0,,
s_rw_6_1_0_806,停电机,0,,
s_rw_7_25_0_806,预留,0,,
s_rw_0_1_0_807,报警使能,0,,
s_rw_1_1_0_807,提示,0,,
s_rw_2_1_0_807,闪灯,0,,
s_rw_3_1_0_807,发声,0,,
s_rw_4_1_0_807,触发异常时间倒计时,0,,
s_rw_5_1_0_807,转手动,0,,
s_rw_6_1_0_807,停电机,0,,
s_rw_7_25_0_807,预留,0,,
s_rw_0_1_0_808,报警使能,0,,
s_rw_1_1_0_808,提示,0,,
s_rw_2_1_0_808,闪灯,0,,
s_rw_3_1_0_808,发声,0,,
s_rw_4_1_0_808,触发异常时间倒计时,0,,
s_rw_5_1_0_808,转手动,0,,
s_rw_6_1_0_808,停电机,0,,
s_rw_7_25_0_808,预留,0,,
s_rw_0_1_0_809,报警使能,0,,
s_rw_1_1_0_809,提示,0,,
s_rw_2_1_0_809,闪灯,0,,
s_rw_3_1_0_809,发声,0,,
s_rw_4_1_0_809,触发异常时间倒计时,0,,
s_rw_5_1_0_809,转手动,0,,
s_rw_6_1_0_809,停电机,0,,
s_rw_7_25_0_809,预留,0,,
s_rw_0_1_0_810,报警使能,0,,
s_rw_1_1_0_810,提示,0,,
s_rw_2_1_0_810,闪灯,0,,
s_rw_3_1_0_810,发声,0,,
s_rw_4_1_0_810,触发异常时间倒计时,0,,
s_rw_5_1_0_810,转手动,0,,
s_rw_6_1_0_810,停电机,0,,
s_rw_7_25_0_810,预留,0,,
s_rw_0_1_0_811,报警使能,0,,
s_rw_1_1_0_811,提示,0,,
s_rw_2_1_0_811,闪灯,0,,
s_rw_3_1_0_811,发声,0,,
s_rw_4_1_0_811,触发异常时间倒计时,0,,
s_rw_5_1_0_811,转手动,0,,
s_rw_6_1_0_811,停电机,0,,
s_rw_7_25_0_811,预留,0,,
s_rw_0_1_0_812,报警使能,0,,
s_rw_1_1_0_812,提示,0,,
s_rw_2_1_0_812,闪灯,0,,
s_rw_3_1_0_812,发声,0,,
s_rw_4_1_0_812,触发异常时间倒计时,0,,
s_rw_5_1_0_812,转手动,0,,
s_rw_6_1_0_812,停电机,0,,
s_rw_7_25_0_812,预留,0,,
s_rw_0_1_0_813,报警使能,0,,
s_rw_1_1_0_813,提示,0,,
s_rw_2_1_0_813,闪灯,0,,
s_rw_3_1_0_813,发声,0,,
s_rw_4_1_0_813,触发异常时间倒计时,0,,
s_rw_5_1_0_813,转手动,0,,
s_rw_6_1_0_813,停电机,0,,
s_rw_7_25_0_813,预留,0,,
s_rw_0_1_0_814,报警使能,0,,
s_rw_1_1_0_814,提示,0,,
s_rw_2_1_0_814,闪灯,0,,
s_rw_3_1_0_814,发声,0,,
s_rw_4_1_0_814,触发异常时间倒计时,0,,
s_rw_5_1_0_814,转手动,0,,
s_rw_6_1_0_814,停电机,0,,
s_rw_7_25_0_814,预留,0,,
s_rw_0_1_0_815,报警使能,0,,
s_rw_1_1_0_815,提示,0,,
s_rw_2_1_0_815,闪灯,0,,
s_rw_3_1_0_815,发声,0,,
s_rw_4_1_0_815,触发异常时间倒计时,0,,
s_rw_5_1_0_815,转手动,0,,
s_rw_6_1_0_815,停电机,0,,
s_rw_7_25_0_815,预留,0,,
s_rw_0_1_0_816,报警使能,0,,
s_rw_1_1_0_816,提示,0,,
s_rw_2_1_0_816,闪灯,0,,
s_rw_3_1_0_816,发声,0,,
s_rw_4_1_0_816,触发异常时间倒计时,0,,
s_rw_5_1_0_816,转手动,0,,
s_rw_6_1_0_816,停电机,0,,
s_rw_7_25_0_816,预留,0,,
s_rw_0_1_0_817,报警使能,0,,
s_rw_1_1_0_817,提示,0,,
s_rw_2_1_0_817,闪灯,0,,
s_rw_3_1_0_817,发声,0,,
s_rw_4_1_0_817,触发异常时间倒计时,0,,
s_rw_5_1_0_817,转手动,0,,
s_rw_6_1_0_817,停电机,0,,
s_rw_7_25_0_817,预留,0,,
s_rw_0_1_0_818,报警使能,0,,
s_rw_1_1_0_818,提示,0,,
s_rw_2_1_0_818,闪灯,0,,
s_rw_3_1_0_818,发声,0,,
s_rw_4_1_0_818,触发异常时间倒计时,0,,
s_rw_5_1_0_818,转手动,0,,
s_rw_6_1_0_818,停电机,0,,
s_rw_7_25_0_818,预留,0,,
s_rw_0_1_0_819,报警使能,0,,
s_rw_1_1_0_819,提示,0,,
s_rw_2_1_0_819,闪灯,0,,
s_rw_3_1_0_819,发声,0,,
s_rw_4_1_0_819,触发异常时间倒计时,0,,
s_rw_5_1_0_819,转手动,0,,
s_rw_6_1_0_819,停电机,0,,
s_rw_7_25_0_819,预留,0,,
s_rw_0_1_0_820,报警使能,0,,
s_rw_1_1_0_820,提示,0,,
s_rw_2_1_0_820,闪灯,0,,
s_rw_3_1_0_820,发声,0,,
s_rw_4_1_0_820,触发异常时间倒计时,0,,
s_rw_5_1_0_820,转手动,0,,
s_rw_6_1_0_820,停电机,0,,
s_rw_7_25_0_820,预留,0,,
s_rw_0_1_0_821,报警使能,0,,
s_rw_1_1_0_821,提示,0,,
s_rw_2_1_0_821,闪灯,0,,
s_rw_3_1_0_821,发声,0,,
s_rw_4_1_0_821,触发异常时间倒计时,0,,
s_rw_5_1_0_821,转手动,0,,
s_rw_6_1_0_821,停电机,0,,
s_rw_7_25_0_821,预留,0,,
s_rw_0_1_0_822,报警使能,0,,
s_rw_1_1_0_822,提示,0,,
s_rw_2_1_0_822,闪灯,0,,
s_rw_3_1_0_822,发声,0,,
s_rw_4_1_0_822,触发异常时间倒计时,0,,
s_rw_5_1_0_822,转手动,0,,
s_rw_6_1_0_822,停电机,0,,
s_rw_7_25_0_822,预留,0,,
s_rw_0_1_0_823,报警使能,0,,
s_rw_1_1_0_823,提示,0,,
s_rw_2_1_0_823,闪灯,0,,
s_rw_3_1_0_823,发声,0,,
s_rw_4_1_0_823,触发异常时间倒计时,0,,
s_rw_5_1_0_823,转手动,0,,
s_rw_6_1_0_823,停电机,0,,
s_rw_7_25_0_823,预留,0,,
s_rw_0_1_0_824,报警使能,0,,
s_rw_1_1_0_824,提示,0,,
s_rw_2_1_0_824,闪灯,0,,
s_rw_3_1_0_824,发声,0,,
s_rw_4_1_0_824,触发异常时间倒计时,0,,
s_rw_5_1_0_824,转手动,0,,
s_rw_6_1_0_824,停电机,0,,
s_rw_7_25_0_824,预留,0,,
s_rw_0_1_0_825,报警使能,0,,
s_rw_1_1_0_825,提示,0,,
s_rw_2_1_0_825,闪灯,0,,
s_rw_3_1_0_825,发声,0,,
s_rw_4_1_0_825,触发异常时间倒计时,0,,
s_rw_5_1_0_825,转手动,0,,
s_rw_6_1_0_825,停电机,0,,
s_rw_7_25_0_825,预留,0,,
s_rw_0_1_0_826,报警使能,0,,
s_rw_1_1_0_826,提示,0,,
s_rw_2_1_0_826,闪灯,0,,
s_rw_3_1_0_826,发声,0,,
s_rw_4_1_0_826,触发异常时间倒计时,0,,
s_rw_5_1_0_826,转手动,0,,
s_rw_6_1_0_826,停电机,0,,
s_rw_7_25_0_826,预留,0,,
s_rw_0_1_0_827,报警使能,0,,
s_rw_1_1_0_827,提示,0,,
s_rw_2_1_0_827,闪灯,0,,
s_rw_3_1_0_827,发声,0,,
s_rw_4_1_0_827,触发异常时间倒计时,0,,
s_rw_5_1_0_827,转手动,0,,
s_rw_6_1_0_827,停电机,0,,
s_rw_7_25_0_827,预留,0,,
s_rw_0_1_0_828,报警使能,0,,
s_rw_1_1_0_828,提示,0,,
s_rw_2_1_0_828,闪灯,0,,
s_rw_3_1_0_828,发声,0,,
s_rw_4_1_0_828,触发异常时间倒计时,0,,
s_rw_5_1_0_828,转手动,0,,
s_rw_6_1_0_828,停电机,0,,
s_rw_7_25_0_828,预留,0,,
s_rw_0_1_0_829,报警使能,0,,
s_rw_1_1_0_829,提示,0,,
s_rw_2_1_0_829,闪灯,0,,
s_rw_3_1_0_829,发声,0,,
s_rw_4_1_0_829,触发异常时间倒计时,0,,
s_rw_5_1_0_829,转手动,0,,
s_rw_6_1_0_829,停电机,0,,
s_rw_7_25_0_829,预留,0,,
s_rw_0_1_0_830,报警使能,0,,
s_rw_1_1_0_830,提示,0,,
s_rw_2_1_0_830,闪灯,0,,
s_rw_3_1_0_830,发声,0,,
s_rw_4_1_0_830,触发异常时间倒计时,0,,
s_rw_5_1_0_830,转手动,0,,
s_rw_6_1_0_830,停电机,0,,
s_rw_7_25_0_830,预留,0,,
s_rw_0_1_0_831,报警使能,0,,
s_rw_1_1_0_831,提示,0,,
s_rw_2_1_0_831,闪灯,0,,
s_rw_3_1_0_831,发声,0,,
s_rw_4_1_0_831,触发异常时间倒计时,0,,
s_rw_5_1_0_831,转手动,0,,
s_rw_6_1_0_831,停电机,0,,
s_rw_7_25_0_831,预留,0,,
s_rw_0_1_0_832,报警使能,0,,
s_rw_1_1_0_832,提示,0,,
s_rw_2_1_0_832,闪灯,0,,
s_rw_3_1_0_832,发声,0,,
s_rw_4_1_0_832,触发异常时间倒计时,0,,
s_rw_5_1_0_832,转手动,0,,
s_rw_6_1_0_832,停电机,0,,
s_rw_7_25_0_832,预留,0,,
s_rw_0_1_0_833,报警使能,0,,
s_rw_1_1_0_833,提示,0,,
s_rw_2_1_0_833,闪灯,0,,
s_rw_3_1_0_833,发声,0,,
s_rw_4_1_0_833,触发异常时间倒计时,0,,
s_rw_5_1_0_833,转手动,0,,
s_rw_6_1_0_833,停电机,0,,
s_rw_7_25_0_833,预留,0,,
s_rw_0_1_0_834,报警使能,0,,
s_rw_1_1_0_834,提示,0,,
s_rw_2_1_0_834,闪灯,0,,
s_rw_3_1_0_834,发声,0,,
s_rw_4_1_0_834,触发异常时间倒计时,0,,
s_rw_5_1_0_834,转手动,0,,
s_rw_6_1_0_834,停电机,0,,
s_rw_7_25_0_834,预留,0,,
s_rw_0_1_0_835,报警使能,0,,
s_rw_1_1_0_835,提示,0,,
s_rw_2_1_0_835,闪灯,0,,
s_rw_3_1_0_835,发声,0,,
s_rw_4_1_0_835,触发异常时间倒计时,0,,
s_rw_5_1_0_835,转手动,0,,
s_rw_6_1_0_835,停电机,0,,
s_rw_7_25_0_835,预留,0,,
s_rw_0_1_0_836,报警使能,0,,
s_rw_1_1_0_836,提示,0,,
s_rw_2_1_0_836,闪灯,0,,
s_rw_3_1_0_836,发声,0,,
s_rw_4_1_0_836,触发异常时间倒计时,0,,
s_rw_5_1_0_836,转手动,0,,
s_rw_6_1_0_836,停电机,0,,
s_rw_7_25_0_836,预留,0,,
s_rw_0_1_0_837,报警使能,0,,
s_rw_1_1_0_837,提示,0,,
s_rw_2_1_0_837,闪灯,0,,
s_rw_3_1_0_837,发声,0,,
s_rw_4_1_0_837,触发异常时间倒计时,0,,
s_rw_5_1_0_837,转手动,0,,
s_rw_6_1_0_837,停电机,0,,
s_rw_7_25_0_837,预留,0,,
s_rw_0_1_0_838,报警使能,0,,
s_rw_1_1_0_838,提示,0,,
s_rw_2_1_0_838,闪灯,0,,
s_rw_3_1_0_838,发声,0,,
s_rw_4_1_0_838,触发异常时间倒计时,0,,
s_rw_5_1_0_838,转手动,0,,
s_rw_6_1_0_838,停电机,0,,
s_rw_7_25_0_838,预留,0,,
s_rw_0_1_0_839,报警使能,0,,
s_rw_1_1_0_839,提示,0,,
s_rw_2_1_0_839,闪灯,0,,
s_rw_3_1_0_839,发声,0,,
s_rw_4_1_0_839,触发异常时间倒计时,0,,
s_rw_5_1_0_839,转手动,0,,
s_rw_6_1_0_839,停电机,0,,
s_rw_7_25_0_839,预留,0,,
s_rw_0_1_0_840,报警使能,0,,
s_rw_1_1_0_840,提示,0,,
s_rw_2_1_0_840,闪灯,0,,
s_rw_3_1_0_840,发声,0,,
s_rw_4_1_0_840,触发异常时间倒计时,0,,
s_rw_5_1_0_840,转手动,0,,
s_rw_6_1_0_840,停电机,0,,
s_rw_7_25_0_840,预留,0,,
s_rw_0_1_0_841,报警使能,0,,
s_rw_1_1_0_841,提示,0,,
s_rw_2_1_0_841,闪灯,0,,
s_rw_3_1_0_841,发声,0,,
s_rw_4_1_0_841,触发异常时间倒计时,0,,
s_rw_5_1_0_841,转手动,0,,
s_rw_6_1_0_841,停电机,0,,
s_rw_7_25_0_841,预留,0,,
s_rw_0_1_0_842,报警使能,0,,
s_rw_1_1_0_842,提示,0,,
s_rw_2_1_0_842,闪灯,0,,
s_rw_3_1_0_842,发声,0,,
s_rw_4_1_0_842,触发异常时间倒计时,0,,
s_rw_5_1_0_842,转手动,0,,
s_rw_6_1_0_842,停电机,0,,
s_rw_7_25_0_842,预留,0,,
s_rw_0_1_0_843,报警使能,0,,
s_rw_1_1_0_843,提示,0,,
s_rw_2_1_0_843,闪灯,0,,
s_rw_3_1_0_843,发声,0,,
s_rw_4_1_0_843,触发异常时间倒计时,0,,
s_rw_5_1_0_843,转手动,0,,
s_rw_6_1_0_843,停电机,0,,
s_rw_7_25_0_843,预留,0,,
s_rw_0_1_0_844,报警使能,0,,
s_rw_1_1_0_844,提示,0,,
s_rw_2_1_0_844,闪灯,0,,
s_rw_3_1_0_844,发声,0,,
s_rw_4_1_0_844,触发异常时间倒计时,0,,
s_rw_5_1_0_844,转手动,0,,
s_rw_6_1_0_844,停电机,0,,
s_rw_7_25_0_844,预留,0,,
s_rw_0_1_0_845,报警使能,0,,
s_rw_1_1_0_845,提示,0,,
s_rw_2_1_0_845,闪灯,0,,
s_rw_3_1_0_845,发声,0,,
s_rw_4_1_0_845,触发异常时间倒计时,0,,
s_rw_5_1_0_845,转手动,0,,
s_rw_6_1_0_845,停电机,0,,
s_rw_7_25_0_845,预留,0,,
s_rw_0_1_0_846,报警使能,0,,
s_rw_1_1_0_846,提示,0,,
s_rw_2_1_0_846,闪灯,0,,
s_rw_3_1_0_846,发声,0,,
s_rw_4_1_0_846,触发异常时间倒计时,0,,
s_rw_5_1_0_846,转手动,0,,
s_rw_6_1_0_846,停电机,0,,
s_rw_7_25_0_846,预留,0,,
s_rw_0_1_0_847,报警使能,0,,
s_rw_1_1_0_847,提示,0,,
s_rw_2_1_0_847,闪灯,0,,
s_rw_3_1_0_847,发声,0,,
s_rw_4_1_0_847,触发异常时间倒计时,0,,
s_rw_5_1_0_847,转手动,0,,
s_rw_6_1_0_847,停电机,0,,
s_rw_7_25_0_847,预留,0,,
s_rw_0_1_0_848,报警使能,0,,
s_rw_1_1_0_848,提示,0,,
s_rw_2_1_0_848,闪灯,0,,
s_rw_3_1_0_848,发声,0,,
s_rw_4_1_0_848,触发异常时间倒计时,0,,
s_rw_5_1_0_848,转手动,0,,
s_rw_6_1_0_848,停电机,0,,
s_rw_7_25_0_848,预留,0,,
s_rw_0_1_0_849,报警使能,0,,
s_rw_1_1_0_849,提示,0,,
s_rw_2_1_0_849,闪灯,0,,
s_rw_3_1_0_849,发声,0,,
s_rw_4_1_0_849,触发异常时间倒计时,0,,
s_rw_5_1_0_849,转手动,0,,
s_rw_6_1_0_849,停电机,0,,
s_rw_7_25_0_849,预留,0,,
s_rw_0_1_0_850,报警使能,0,,
s_rw_1_1_0_850,提示,0,,
s_rw_2_1_0_850,闪灯,0,,
s_rw_3_1_0_850,发声,0,,
s_rw_4_1_0_850,触发异常时间倒计时,0,,
s_rw_5_1_0_850,转手动,0,,
s_rw_6_1_0_850,停电机,0,,
s_rw_7_25_0_850,预留,0,,
s_rw_0_1_0_851,报警使能,0,,
s_rw_1_1_0_851,提示,0,,
s_rw_2_1_0_851,闪灯,0,,
s_rw_3_1_0_851,发声,0,,
s_rw_4_1_0_851,触发异常时间倒计时,0,,
s_rw_5_1_0_851,转手动,0,,
s_rw_6_1_0_851,停电机,0,,
s_rw_7_25_0_851,预留,0,,
s_rw_0_1_0_852,报警使能,0,,
s_rw_1_1_0_852,提示,0,,
s_rw_2_1_0_852,闪灯,0,,
s_rw_3_1_0_852,发声,0,,
s_rw_4_1_0_852,触发异常时间倒计时,0,,
s_rw_5_1_0_852,转手动,0,,
s_rw_6_1_0_852,停电机,0,,
s_rw_7_25_0_852,预留,0,,
s_rw_0_1_0_853,报警使能,0,,
s_rw_1_1_0_853,提示,0,,
s_rw_2_1_0_853,闪灯,0,,
s_rw_3_1_0_853,发声,0,,
s_rw_4_1_0_853,触发异常时间倒计时,0,,
s_rw_5_1_0_853,转手动,0,,
s_rw_6_1_0_853,停电机,0,,
s_rw_7_25_0_853,预留,0,,
s_rw_0_1_0_854,报警使能,0,,
s_rw_1_1_0_854,提示,0,,
s_rw_2_1_0_854,闪灯,0,,
s_rw_3_1_0_854,发声,0,,
s_rw_4_1_0_854,触发异常时间倒计时,0,,
s_rw_5_1_0_854,转手动,0,,
s_rw_6_1_0_854,停电机,0,,
s_rw_7_25_0_854,预留,0,,
s_rw_0_1_0_855,报警使能,0,,
s_rw_1_1_0_855,提示,0,,
s_rw_2_1_0_855,闪灯,0,,
s_rw_3_1_0_855,发声,0,,
s_rw_4_1_0_855,触发异常时间倒计时,0,,
s_rw_5_1_0_855,转手动,0,,
s_rw_6_1_0_855,停电机,0,,
s_rw_7_25_0_855,预留,0,,
s_rw_0_1_0_856,报警使能,0,,
s_rw_1_1_0_856,提示,0,,
s_rw_2_1_0_856,闪灯,0,,
s_rw_3_1_0_856,发声,0,,
s_rw_4_1_0_856,触发异常时间倒计时,0,,
s_rw_5_1_0_856,转手动,0,,
s_rw_6_1_0_856,停电机,0,,
s_rw_7_25_0_856,预留,0,,
s_rw_0_1_0_857,报警使能,0,,
s_rw_1_1_0_857,提示,0,,
s_rw_2_1_0_857,闪灯,0,,
s_rw_3_1_0_857,发声,0,,
s_rw_4_1_0_857,触发异常时间倒计时,0,,
s_rw_5_1_0_857,转手动,0,,
s_rw_6_1_0_857,停电机,0,,
s_rw_7_25_0_857,预留,0,,
s_rw_0_1_0_858,报警使能,0,,
s_rw_1_1_0_858,提示,0,,
s_rw_2_1_0_858,闪灯,0,,
s_rw_3_1_0_858,发声,0,,
s_rw_4_1_0_858,触发异常时间倒计时,0,,
s_rw_5_1_0_858,转手动,0,,
s_rw_6_1_0_858,停电机,0,,
s_rw_7_25_0_858,预留,0,,
s_rw_0_1_0_859,报警使能,0,,
s_rw_1_1_0_859,提示,0,,
s_rw_2_1_0_859,闪灯,0,,
s_rw_3_1_0_859,发声,0,,
s_rw_4_1_0_859,触发异常时间倒计时,0,,
s_rw_5_1_0_859,转手动,0,,
s_rw_6_1_0_859,停电机,0,,
s_rw_7_25_0_859,预留,0,,
s_rw_0_1_0_860,报警使能,0,,
s_rw_1_1_0_860,提示,0,,
s_rw_2_1_0_860,闪灯,0,,
s_rw_3_1_0_860,发声,0,,
s_rw_4_1_0_860,触发异常时间倒计时,0,,
s_rw_5_1_0_860,转手动,0,,
s_rw_6_1_0_860,停电机,0,,
s_rw_7_25_0_860,预留,0,,
s_rw_0_1_0_861,报警使能,0,,
s_rw_1_1_0_861,提示,0,,
s_rw_2_1_0_861,闪灯,0,,
s_rw_3_1_0_861,发声,0,,
s_rw_4_1_0_861,触发异常时间倒计时,0,,
s_rw_5_1_0_861,转手动,0,,
s_rw_6_1_0_861,停电机,0,,
s_rw_7_25_0_861,预留,0,,
s_rw_0_1_0_862,报警使能,0,,
s_rw_1_1_0_862,提示,0,,
s_rw_2_1_0_862,闪灯,0,,
s_rw_3_1_0_862,发声,0,,
s_rw_4_1_0_862,触发异常时间倒计时,0,,
s_rw_5_1_0_862,转手动,0,,
s_rw_6_1_0_862,停电机,0,,
s_rw_7_25_0_862,预留,0,,
s_rw_0_1_0_863,报警使能,0,,
s_rw_1_1_0_863,提示,0,,
s_rw_2_1_0_863,闪灯,0,,
s_rw_3_1_0_863,发声,0,,
s_rw_4_1_0_863,触发异常时间倒计时,0,,
s_rw_5_1_0_863,转手动,0,,
s_rw_6_1_0_863,停电机,0,,
s_rw_7_25_0_863,预留,0,,
s_rw_0_1_0_864,报警使能,0,,
s_rw_1_1_0_864,提示,0,,
s_rw_2_1_0_864,闪灯,0,,
s_rw_3_1_0_864,发声,0,,
s_rw_4_1_0_864,触发异常时间倒计时,0,,
s_rw_5_1_0_864,转手动,0,,
s_rw_6_1_0_864,停电机,0,,
s_rw_7_25_0_864,预留,0,,
s_rw_0_1_0_865,报警使能,0,,
s_rw_1_1_0_865,提示,0,,
s_rw_2_1_0_865,闪灯,0,,
s_rw_3_1_0_865,发声,0,,
s_rw_4_1_0_865,触发异常时间倒计时,0,,
s_rw_5_1_0_865,转手动,0,,
s_rw_6_1_0_865,停电机,0,,
s_rw_7_25_0_865,预留,0,,
s_rw_0_1_0_866,报警使能,0,,
s_rw_1_1_0_866,提示,0,,
s_rw_2_1_0_866,闪灯,0,,
s_rw_3_1_0_866,发声,0,,
s_rw_4_1_0_866,触发异常时间倒计时,0,,
s_rw_5_1_0_866,转手动,0,,
s_rw_6_1_0_866,停电机,0,,
s_rw_7_25_0_866,预留,0,,
s_rw_0_1_0_867,报警使能,0,,
s_rw_1_1_0_867,提示,0,,
s_rw_2_1_0_867,闪灯,0,,
s_rw_3_1_0_867,发声,0,,
s_rw_4_1_0_867,触发异常时间倒计时,0,,
s_rw_5_1_0_867,转手动,0,,
s_rw_6_1_0_867,停电机,0,,
s_rw_7_25_0_867,预留,0,,
s_rw_0_1_0_868,报警使能,0,,
s_rw_1_1_0_868,提示,0,,
s_rw_2_1_0_868,闪灯,0,,
s_rw_3_1_0_868,发声,0,,
s_rw_4_1_0_868,触发异常时间倒计时,0,,
s_rw_5_1_0_868,转手动,0,,
s_rw_6_1_0_868,停电机,0,,
s_rw_7_25_0_868,预留,0,,
s_rw_0_1_0_869,报警使能,0,,
s_rw_1_1_0_869,提示,0,,
s_rw_2_1_0_869,闪灯,0,,
s_rw_3_1_0_869,发声,0,,
s_rw_4_1_0_869,触发异常时间倒计时,0,,
s_rw_5_1_0_869,转手动,0,,
s_rw_6_1_0_869,停电机,0,,
s_rw_7_25_0_869,预留,0,,
s_rw_0_1_0_870,报警使能,0,,
s_rw_1_1_0_870,提示,0,,
s_rw_2_1_0_870,闪灯,0,,
s_rw_3_1_0_870,发声,0,,
s_rw_4_1_0_870,触发异常时间倒计时,0,,
s_rw_5_1_0_870,转手动,0,,
s_rw_6_1_0_870,停电机,0,,
s_rw_7_25_0_870,预留,0,,
s_rw_0_1_0_871,报警使能,0,,
s_rw_1_1_0_871,提示,0,,
s_rw_2_1_0_871,闪灯,0,,
s_rw_3_1_0_871,发声,0,,
s_rw_4_1_0_871,触发异常时间倒计时,0,,
s_rw_5_1_0_871,转手动,0,,
s_rw_6_1_0_871,停电机,0,,
s_rw_7_25_0_871,预留,0,,
s_rw_0_1_0_872,报警使能,0,,
s_rw_1_1_0_872,提示,0,,
s_rw_2_1_0_872,闪灯,0,,
s_rw_3_1_0_872,发声,0,,
s_rw_4_1_0_872,触发异常时间倒计时,0,,
s_rw_5_1_0_872,转手动,0,,
s_rw_6_1_0_872,停电机,0,,
s_rw_7_25_0_872,预留,0,,
s_rw_0_1_0_873,报警使能,0,,
s_rw_1_1_0_873,提示,0,,
s_rw_2_1_0_873,闪灯,0,,
s_rw_3_1_0_873,发声,0,,
s_rw_4_1_0_873,触发异常时间倒计时,0,,
s_rw_5_1_0_873,转手动,0,,
s_rw_6_1_0_873,停电机,0,,
s_rw_7_25_0_873,预留,0,,
s_rw_0_1_0_874,报警使能,0,,
s_rw_1_1_0_874,提示,0,,
s_rw_2_1_0_874,闪灯,0,,
s_rw_3_1_0_874,发声,0,,
s_rw_4_1_0_874,触发异常时间倒计时,0,,
s_rw_5_1_0_874,转手动,0,,
s_rw_6_1_0_874,停电机,0,,
s_rw_7_25_0_874,预留,0,,
s_rw_0_1_0_875,报警使能,0,,
s_rw_1_1_0_875,提示,0,,
s_rw_2_1_0_875,闪灯,0,,
s_rw_3_1_0_875,发声,0,,
s_rw_4_1_0_875,触发异常时间倒计时,0,,
s_rw_5_1_0_875,转手动,0,,
s_rw_6_1_0_875,停电机,0,,
s_rw_7_25_0_875,预留,0,,
s_rw_0_1_0_876,报警使能,0,,
s_rw_1_1_0_876,提示,0,,
s_rw_2_1_0_876,闪灯,0,,
s_rw_3_1_0_876,发声,0,,
s_rw_4_1_0_876,触发异常时间倒计时,0,,
s_rw_5_1_0_876,转手动,0,,
s_rw_6_1_0_876,停电机,0,,
s_rw_7_25_0_876,预留,0,,
s_rw_0_1_0_877,报警使能,0,,
s_rw_1_1_0_877,提示,0,,
s_rw_2_1_0_877,闪灯,0,,
s_rw_3_1_0_877,发声,0,,
s_rw_4_1_0_877,触发异常时间倒计时,0,,
s_rw_5_1_0_877,转手动,0,,
s_rw_6_1_0_877,停电机,0,,
s_rw_7_25_0_877,预留,0,,
s_rw_0_1_0_878,报警使能,0,,
s_rw_1_1_0_878,提示,0,,
s_rw_2_1_0_878,闪灯,0,,
s_rw_3_1_0_878,发声,0,,
s_rw_4_1_0_878,触发异常时间倒计时,0,,
s_rw_5_1_0_878,转手动,0,,
s_rw_6_1_0_878,停电机,0,,
s_rw_7_25_0_878,预留,0,,
s_rw_0_1_0_879,报警使能,0,,
s_rw_1_1_0_879,提示,0,,
s_rw_2_1_0_879,闪灯,0,,
s_rw_3_1_0_879,发声,0,,
s_rw_4_1_0_879,触发异常时间倒计时,0,,
s_rw_5_1_0_879,转手动,0,,
s_rw_6_1_0_879,停电机,0,,
s_rw_7_25_0_879,预留,0,,
s_rw_0_1_0_880,报警使能,0,,
s_rw_1_1_0_880,提示,0,,
s_rw_2_1_0_880,闪灯,0,,
s_rw_3_1_0_880,发声,0,,
s_rw_4_1_0_880,触发异常时间倒计时,0,,
s_rw_5_1_0_880,转手动,0,,
s_rw_6_1_0_880,停电机,0,,
s_rw_7_25_0_880,预留,0,,
s_rw_0_1_0_881,报警使能,0,,
s_rw_1_1_0_881,提示,0,,
s_rw_2_1_0_881,闪灯,0,,
s_rw_3_1_0_881,发声,0,,
s_rw_4_1_0_881,触发异常时间倒计时,0,,
s_rw_5_1_0_881,转手动,0,,
s_rw_6_1_0_881,停电机,0,,
s_rw_7_25_0_881,预留,0,,
s_rw_0_1_0_882,报警使能,0,,
s_rw_1_1_0_882,提示,0,,
s_rw_2_1_0_882,闪灯,0,,
s_rw_3_1_0_882,发声,0,,
s_rw_4_1_0_882,触发异常时间倒计时,0,,
s_rw_5_1_0_882,转手动,0,,
s_rw_6_1_0_882,停电机,0,,
s_rw_7_25_0_882,预留,0,,
s_rw_0_1_0_883,报警使能,0,,
s_rw_1_1_0_883,提示,0,,
s_rw_2_1_0_883,闪灯,0,,
s_rw_3_1_0_883,发声,0,,
s_rw_4_1_0_883,触发异常时间倒计时,0,,
s_rw_5_1_0_883,转手动,0,,
s_rw_6_1_0_883,停电机,0,,
s_rw_7_25_0_883,预留,0,,
s_rw_0_1_0_884,报警使能,0,,
s_rw_1_1_0_884,提示,0,,
s_rw_2_1_0_884,闪灯,0,,
s_rw_3_1_0_884,发声,0,,
s_rw_4_1_0_884,触发异常时间倒计时,0,,
s_rw_5_1_0_884,转手动,0,,
s_rw_6_1_0_884,停电机,0,,
s_rw_7_25_0_884,预留,0,,
s_rw_0_1_0_885,报警使能,0,,
s_rw_1_1_0_885,提示,0,,
s_rw_2_1_0_885,闪灯,0,,
s_rw_3_1_0_885,发声,0,,
s_rw_4_1_0_885,触发异常时间倒计时,0,,
s_rw_5_1_0_885,转手动,0,,
s_rw_6_1_0_885,停电机,0,,
s_rw_7_25_0_885,预留,0,,
s_rw_0_1_0_886,报警使能,0,,
s_rw_1_1_0_886,提示,0,,
s_rw_2_1_0_886,闪灯,0,,
s_rw_3_1_0_886,发声,0,,
s_rw_4_1_0_886,触发异常时间倒计时,0,,
s_rw_5_1_0_886,转手动,0,,
s_rw_6_1_0_886,停电机,0,,
s_rw_7_25_0_886,预留,0,,
s_rw_0_1_0_887,报警使能,0,,
s_rw_1_1_0_887,提示,0,,
s_rw_2_1_0_887,闪灯,0,,
s_rw_3_1_0_887,发声,0,,
s_rw_4_1_0_887,触发异常时间倒计时,0,,
s_rw_5_1_0_887,转手动,0,,
s_rw_6_1_0_887,停电机,0,,
s_rw_7_25_0_887,预留,0,,
s_rw_0_1_0_888,报警使能,0,,
s_rw_1_1_0_888,提示,0,,
s_rw_2_1_0_888,闪灯,0,,
s_rw_3_1_0_888,发声,0,,
s_rw_4_1_0_888,触发异常时间倒计时,0,,
s_rw_5_1_0_888,转手动,0,,
s_rw_6_1_0_888,停电机,0,,
s_rw_7_25_0_888,预留,0,,
s_rw_0_1_0_889,报警使能,0,,
s_rw_1_1_0_889,提示,0,,
s_rw_2_1_0_889,闪灯,0,,
s_rw_3_1_0_889,发声,0,,
s_rw_4_1_0_889,触发异常时间倒计时,0,,
s_rw_5_1_0_889,转手动,0,,
s_rw_6_1_0_889,停电机,0,,
s_rw_7_25_0_889,预留,0,,
s_rw_0_1_0_890,报警使能,0,,
s_rw_1_1_0_890,提示,0,,
s_rw_2_1_0_890,闪灯,0,,
s_rw_3_1_0_890,发声,0,,
s_rw_4_1_0_890,触发异常时间倒计时,0,,
s_rw_5_1_0_890,转手动,0,,
s_rw_6_1_0_890,停电机,0,,
s_rw_7_25_0_890,预留,0,,
s_rw_0_1_0_891,报警使能,0,,
s_rw_1_1_0_891,提示,0,,
s_rw_2_1_0_891,闪灯,0,,
s_rw_3_1_0_891,发声,0,,
s_rw_4_1_0_891,触发异常时间倒计时,0,,
s_rw_5_1_0_891,转手动,0,,
s_rw_6_1_0_891,停电机,0,,
s_rw_7_25_0_891,预留,0,,
s_rw_0_1_0_892,报警使能,0,,
s_rw_1_1_0_892,提示,0,,
s_rw_2_1_0_892,闪灯,0,,
s_rw_3_1_0_892,发声,0,,
s_rw_4_1_0_892,触发异常时间倒计时,0,,
s_rw_5_1_0_892,转手动,0,,
s_rw_6_1_0_892,停电机,0,,
s_rw_7_25_0_892,预留,0,,
s_rw_0_1_0_893,报警使能,0,,
s_rw_1_1_0_893,提示,0,,
s_rw_2_1_0_893,闪灯,0,,
s_rw_3_1_0_893,发声,0,,
s_rw_4_1_0_893,触发异常时间倒计时,0,,
s_rw_5_1_0_893,转手动,0,,
s_rw_6_1_0_893,停电机,0,,
s_rw_7_25_0_893,预留,0,,
s_rw_0_1_0_894,报警使能,0,,
s_rw_1_1_0_894,提示,0,,
s_rw_2_1_0_894,闪灯,0,,
s_rw_3_1_0_894,发声,0,,
s_rw_4_1_0_894,触发异常时间倒计时,0,,
s_rw_5_1_0_894,转手动,0,,
s_rw_6_1_0_894,停电机,0,,
s_rw_7_25_0_894,预留,0,,
s_rw_0_1_0_895,报警使能,0,,
s_rw_1_1_0_895,提示,0,,
s_rw_2_1_0_895,闪灯,0,,
s_rw_3_1_0_895,发声,0,,
s_rw_4_1_0_895,触发异常时间倒计时,0,,
s_rw_5_1_0_895,转手动,0,,
s_rw_6_1_0_895,停电机,0,,
s_rw_7_25_0_895,预留,0,,
s_rw_0_1_0_896,报警使能,0,,
s_rw_1_1_0_896,提示,0,,
s_rw_2_1_0_896,闪灯,0,,
s_rw_3_1_0_896,发声,0,,
s_rw_4_1_0_896,触发异常时间倒计时,0,,
s_rw_5_1_0_896,转手动,0,,
s_rw_6_1_0_896,停电机,0,,
s_rw_7_25_0_896,预留,0,,
s_rw_0_1_0_897,报警使能,0,,
s_rw_1_1_0_897,提示,0,,
s_rw_2_1_0_897,闪灯,0,,
s_rw_3_1_0_897,发声,0,,
s_rw_4_1_0_897,触发异常时间倒计时,0,,
s_rw_5_1_0_897,转手动,0,,
s_rw_6_1_0_897,停电机,0,,
s_rw_7_25_0_897,预留,0,,
s_rw_0_1_0_898,报警使能,0,,
s_rw_1_1_0_898,提示,0,,
s_rw_2_1_0_898,闪灯,0,,
s_rw_3_1_0_898,发声,0,,
s_rw_4_1_0_898,触发异常时间倒计时,0,,
s_rw_5_1_0_898,转手动,0,,
s_rw_6_1_0_898,停电机,0,,
s_rw_7_25_0_898,预留,0,,
s_rw_0_1_0_899,报警使能,0,,
s_rw_1_1_0_899,提示,0,,
s_rw_2_1_0_899,闪灯,0,,
s_rw_3_1_0_899,发声,0,,
s_rw_4_1_0_899,触发异常时间倒计时,0,,
s_rw_5_1_0_899,转手动,0,,
s_rw_6_1_0_899,停电机,0,,
s_rw_7_25_0_899,预留,0,,
s_rw_0_1_0_900,报警使能,0,,
s_rw_1_1_0_900,提示,0,,
s_rw_2_1_0_900,闪灯,0,,
s_rw_3_1_0_900,发声,0,,
s_rw_4_1_0_900,触发异常时间倒计时,0,,
s_rw_5_1_0_900,转手动,0,,
s_rw_6_1_0_900,停电机,0,,
s_rw_7_25_0_900,预留,0,,
s_rw_0_1_0_901,报警使能,0,,
s_rw_1_1_0_901,提示,0,,
s_rw_2_1_0_901,闪灯,0,,
s_rw_3_1_0_901,发声,0,,
s_rw_4_1_0_901,触发异常时间倒计时,0,,
s_rw_5_1_0_901,转手动,0,,
s_rw_6_1_0_901,停电机,0,,
s_rw_7_25_0_901,预留,0,,
s_rw_0_1_0_902,报警使能,0,,
s_rw_1_1_0_902,提示,0,,
s_rw_2_1_0_902,闪灯,0,,
s_rw_3_1_0_902,发声,0,,
s_rw_4_1_0_902,触发异常时间倒计时,0,,
s_rw_5_1_0_902,转手动,0,,
s_rw_6_1_0_902,停电机,0,,
s_rw_7_25_0_902,预留,0,,
s_rw_0_1_0_903,报警使能,0,,
s_rw_1_1_0_903,提示,0,,
s_rw_2_1_0_903,闪灯,0,,
s_rw_3_1_0_903,发声,0,,
s_rw_4_1_0_903,触发异常时间倒计时,0,,
s_rw_5_1_0_903,转手动,0,,
s_rw_6_1_0_903,停电机,0,,
s_rw_7_25_0_903,预留,0,,
s_rw_0_1_0_904,报警使能,0,,
s_rw_1_1_0_904,提示,0,,
s_rw_2_1_0_904,闪灯,0,,
s_rw_3_1_0_904,发声,0,,
s_rw_4_1_0_904,触发异常时间倒计时,0,,
s_rw_5_1_0_904,转手动,0,,
s_rw_6_1_0_904,停电机,0,,
s_rw_7_25_0_904,预留,0,,
s_rw_0_1_0_905,报警使能,0,,
s_rw_1_1_0_905,提示,0,,
s_rw_2_1_0_905,闪灯,0,,
s_rw_3_1_0_905,发声,0,,
s_rw_4_1_0_905,触发异常时间倒计时,0,,
s_rw_5_1_0_905,转手动,0,,
s_rw_6_1_0_905,停电机,0,,
s_rw_7_25_0_905,预留,0,,
s_rw_0_1_0_906,报警使能,0,,
s_rw_1_1_0_906,提示,0,,
s_rw_2_1_0_906,闪灯,0,,
s_rw_3_1_0_906,发声,0,,
s_rw_4_1_0_906,触发异常时间倒计时,0,,
s_rw_5_1_0_906,转手动,0,,
s_rw_6_1_0_906,停电机,0,,
s_rw_7_25_0_906,预留,0,,
s_rw_0_1_0_907,报警使能,0,,
s_rw_1_1_0_907,提示,0,,
s_rw_2_1_0_907,闪灯,0,,
s_rw_3_1_0_907,发声,0,,
s_rw_4_1_0_907,触发异常时间倒计时,0,,
s_rw_5_1_0_907,转手动,0,,
s_rw_6_1_0_907,停电机,0,,
s_rw_7_25_0_907,预留,0,,
s_rw_0_1_0_908,报警使能,0,,
s_rw_1_1_0_908,提示,0,,
s_rw_2_1_0_908,闪灯,0,,
s_rw_3_1_0_908,发声,0,,
s_rw_4_1_0_908,触发异常时间倒计时,0,,
s_rw_5_1_0_908,转手动,0,,
s_rw_6_1_0_908,停电机,0,,
s_rw_7_25_0_908,预留,0,,
s_rw_0_1_0_909,报警使能,0,,
s_rw_1_1_0_909,提示,0,,
s_rw_2_1_0_909,闪灯,0,,
s_rw_3_1_0_909,发声,0,,
s_rw_4_1_0_909,触发异常时间倒计时,0,,
s_rw_5_1_0_909,转手动,0,,
s_rw_6_1_0_909,停电机,0,,
s_rw_7_25_0_909,预留,0,,
s_rw_0_1_0_910,报警使能,0,,
s_rw_1_1_0_910,提示,0,,
s_rw_2_1_0_910,闪灯,0,,
s_rw_3_1_0_910,发声,0,,
s_rw_4_1_0_910,触发异常时间倒计时,0,,
s_rw_5_1_0_910,转手动,0,,
s_rw_6_1_0_910,停电机,0,,
s_rw_7_25_0_910,预留,0,,
s_rw_0_1_0_911,报警使能,0,,
s_rw_1_1_0_911,提示,0,,
s_rw_2_1_0_911,闪灯,0,,
s_rw_3_1_0_911,发声,0,,
s_rw_4_1_0_911,触发异常时间倒计时,0,,
s_rw_5_1_0_911,转手动,0,,
s_rw_6_1_0_911,停电机,0,,
s_rw_7_25_0_911,预留,0,,
s_rw_0_1_0_912,报警使能,0,,
s_rw_1_1_0_912,提示,0,,
s_rw_2_1_0_912,闪灯,0,,
s_rw_3_1_0_912,发声,0,,
s_rw_4_1_0_912,触发异常时间倒计时,0,,
s_rw_5_1_0_912,转手动,0,,
s_rw_6_1_0_912,停电机,0,,
s_rw_7_25_0_912,预留,0,,
s_rw_0_1_0_913,报警使能,0,,
s_rw_1_1_0_913,提示,0,,
s_rw_2_1_0_913,闪灯,0,,
s_rw_3_1_0_913,发声,0,,
s_rw_4_1_0_913,触发异常时间倒计时,0,,
s_rw_5_1_0_913,转手动,0,,
s_rw_6_1_0_913,停电机,0,,
s_rw_7_25_0_913,预留,0,,
s_rw_0_1_0_914,报警使能,0,,
s_rw_1_1_0_914,提示,0,,
s_rw_2_1_0_914,闪灯,0,,
s_rw_3_1_0_914,发声,0,,
s_rw_4_1_0_914,触发异常时间倒计时,0,,
s_rw_5_1_0_914,转手动,0,,
s_rw_6_1_0_914,停电机,0,,
s_rw_7_25_0_914,预留,0,,
s_rw_0_1_0_915,报警使能,0,,
s_rw_1_1_0_915,提示,0,,
s_rw_2_1_0_915,闪灯,0,,
s_rw_3_1_0_915,发声,0,,
s_rw_4_1_0_915,触发异常时间倒计时,0,,
s_rw_5_1_0_915,转手动,0,,
s_rw_6_1_0_915,停电机,0,,
s_rw_7_25_0_915,预留,0,,
s_rw_0_1_0_916,报警使能,0,,
s_rw_1_1_0_916,提示,0,,
s_rw_2_1_0_916,闪灯,0,,
s_rw_3_1_0_916,发声,0,,
s_rw_4_1_0_916,触发异常时间倒计时,0,,
s_rw_5_1_0_916,转手动,0,,
s_rw_6_1_0_916,停电机,0,,
s_rw_7_25_0_916,预留,0,,
s_rw_0_1_0_917,报警使能,0,,
s_rw_1_1_0_917,提示,0,,
s_rw_2_1_0_917,闪灯,0,,
s_rw_3_1_0_917,发声,0,,
s_rw_4_1_0_917,触发异常时间倒计时,0,,
s_rw_5_1_0_917,转手动,0,,
s_rw_6_1_0_917,停电机,0,,
s_rw_7_25_0_917,预留,0,,
s_rw_0_1_0_918,报警使能,0,,
s_rw_1_1_0_918,提示,0,,
s_rw_2_1_0_918,闪灯,0,,
s_rw_3_1_0_918,发声,0,,
s_rw_4_1_0_918,触发异常时间倒计时,0,,
s_rw_5_1_0_918,转手动,0,,
s_rw_6_1_0_918,停电机,0,,
s_rw_7_25_0_918,预留,0,,
s_rw_0_1_0_919,报警使能,0,,
s_rw_1_1_0_919,提示,0,,
s_rw_2_1_0_919,闪灯,0,,
s_rw_3_1_0_919,发声,0,,
s_rw_4_1_0_919,触发异常时间倒计时,0,,
s_rw_5_1_0_919,转手动,0,,
s_rw_6_1_0_919,停电机,0,,
s_rw_7_25_0_919,预留,0,,
s_rw_0_1_0_920,报警使能,0,,
s_rw_1_1_0_920,提示,0,,
s_rw_2_1_0_920,闪灯,0,,
s_rw_3_1_0_920,发声,0,,
s_rw_4_1_0_920,触发异常时间倒计时,0,,
s_rw_5_1_0_920,转手动,0,,
s_rw_6_1_0_920,停电机,0,,
s_rw_7_25_0_920,预留,0,,
s_rw_0_1_0_921,报警使能,0,,
s_rw_1_1_0_921,提示,0,,
s_rw_2_1_0_921,闪灯,0,,
s_rw_3_1_0_921,发声,0,,
s_rw_4_1_0_921,触发异常时间倒计时,0,,
s_rw_5_1_0_921,转手动,0,,
s_rw_6_1_0_921,停电机,0,,
s_rw_7_25_0_921,预留,0,,
s_rw_0_1_0_922,报警使能,0,,
s_rw_1_1_0_922,提示,0,,
s_rw_2_1_0_922,闪灯,0,,
s_rw_3_1_0_922,发声,0,,
s_rw_4_1_0_922,触发异常时间倒计时,0,,
s_rw_5_1_0_922,转手动,0,,
s_rw_6_1_0_922,停电机,0,,
s_rw_7_25_0_922,预留,0,,
s_rw_0_1_0_923,报警使能,0,,
s_rw_1_1_0_923,提示,0,,
s_rw_2_1_0_923,闪灯,0,,
s_rw_3_1_0_923,发声,0,,
s_rw_4_1_0_923,触发异常时间倒计时,0,,
s_rw_5_1_0_923,转手动,0,,
s_rw_6_1_0_923,停电机,0,,
s_rw_7_25_0_923,预留,0,,
s_rw_0_1_0_924,报警使能,0,,
s_rw_1_1_0_924,提示,0,,
s_rw_2_1_0_924,闪灯,0,,
s_rw_3_1_0_924,发声,0,,
s_rw_4_1_0_924,触发异常时间倒计时,0,,
s_rw_5_1_0_924,转手动,0,,
s_rw_6_1_0_924,停电机,0,,
s_rw_7_25_0_924,预留,0,,
s_rw_0_1_0_925,报警使能,0,,
s_rw_1_1_0_925,提示,0,,
s_rw_2_1_0_925,闪灯,0,,
s_rw_3_1_0_925,发声,0,,
s_rw_4_1_0_925,触发异常时间倒计时,0,,
s_rw_5_1_0_925,转手动,0,,
s_rw_6_1_0_925,停电机,0,,
s_rw_7_25_0_925,预留,0,,
s_rw_0_1_0_926,报警使能,0,,
s_rw_1_1_0_926,提示,0,,
s_rw_2_1_0_926,闪灯,0,,
s_rw_3_1_0_926,发声,0,,
s_rw_4_1_0_926,触发异常时间倒计时,0,,
s_rw_5_1_0_926,转手动,0,,
s_rw_6_1_0_926,停电机,0,,
s_rw_7_25_0_926,预留,0,,
s_rw_0_1_0_927,报警使能,0,,
s_rw_1_1_0_927,提示,0,,
s_rw_2_1_0_927,闪灯,0,,
s_rw_3_1_0_927,发声,0,,
s_rw_4_1_0_927,触发异常时间倒计时,0,,
s_rw_5_1_0_927,转手动,0,,
s_rw_6_1_0_927,停电机,0,,
s_rw_7_25_0_927,预留,0,,
s_rw_0_1_0_928,报警使能,0,,
s_rw_1_1_0_928,提示,0,,
s_rw_2_1_0_928,闪灯,0,,
s_rw_3_1_0_928,发声,0,,
s_rw_4_1_0_928,触发异常时间倒计时,0,,
s_rw_5_1_0_928,转手动,0,,
s_rw_6_1_0_928,停电机,0,,
s_rw_7_25_0_928,预留,0,,
s_rw_0_1_0_929,报警使能,0,,
s_rw_1_1_0_929,提示,0,,
s_rw_2_1_0_929,闪灯,0,,
s_rw_3_1_0_929,发声,0,,
s_rw_4_1_0_929,触发异常时间倒计时,0,,
s_rw_5_1_0_929,转手动,0,,
s_rw_6_1_0_929,停电机,0,,
s_rw_7_25_0_929,预留,0,,
s_rw_0_1_0_930,报警使能,0,,
s_rw_1_1_0_930,提示,0,,
s_rw_2_1_0_930,闪灯,0,,
s_rw_3_1_0_930,发声,0,,
s_rw_4_1_0_930,触发异常时间倒计时,0,,
s_rw_5_1_0_930,转手动,0,,
s_rw_6_1_0_930,停电机,0,,
s_rw_7_25_0_930,预留,0,,
s_rw_0_1_0_931,报警使能,0,,
s_rw_1_1_0_931,提示,0,,
s_rw_2_1_0_931,闪灯,0,,
s_rw_3_1_0_931,发声,0,,
s_rw_4_1_0_931,触发异常时间倒计时,0,,
s_rw_5_1_0_931,转手动,0,,
s_rw_6_1_0_931,停电机,0,,
s_rw_7_25_0_931,预留,0,,
s_rw_0_1_0_932,报警使能,0,,
s_rw_1_1_0_932,提示,0,,
s_rw_2_1_0_932,闪灯,0,,
s_rw_3_1_0_932,发声,0,,
s_rw_4_1_0_932,触发异常时间倒计时,0,,
s_rw_5_1_0_932,转手动,0,,
s_rw_6_1_0_932,停电机,0,,
s_rw_7_25_0_932,预留,0,,
s_rw_0_1_0_933,报警使能,0,,
s_rw_1_1_0_933,提示,0,,
s_rw_2_1_0_933,闪灯,0,,
s_rw_3_1_0_933,发声,0,,
s_rw_4_1_0_933,触发异常时间倒计时,0,,
s_rw_5_1_0_933,转手动,0,,
s_rw_6_1_0_933,停电机,0,,
s_rw_7_25_0_933,预留,0,,
s_rw_0_1_0_934,报警使能,0,,
s_rw_1_1_0_934,提示,0,,
s_rw_2_1_0_934,闪灯,0,,
s_rw_3_1_0_934,发声,0,,
s_rw_4_1_0_934,触发异常时间倒计时,0,,
s_rw_5_1_0_934,转手动,0,,
s_rw_6_1_0_934,停电机,0,,
s_rw_7_25_0_934,预留,0,,
s_rw_0_1_0_935,报警使能,0,,
s_rw_1_1_0_935,提示,0,,
s_rw_2_1_0_935,闪灯,0,,
s_rw_3_1_0_935,发声,0,,
s_rw_4_1_0_935,触发异常时间倒计时,0,,
s_rw_5_1_0_935,转手动,0,,
s_rw_6_1_0_935,停电机,0,,
s_rw_7_25_0_935,预留,0,,
s_rw_0_1_0_936,报警使能,0,,
s_rw_1_1_0_936,提示,0,,
s_rw_2_1_0_936,闪灯,0,,
s_rw_3_1_0_936,发声,0,,
s_rw_4_1_0_936,触发异常时间倒计时,0,,
s_rw_5_1_0_936,转手动,0,,
s_rw_6_1_0_936,停电机,0,,
s_rw_7_25_0_936,预留,0,,
s_rw_0_1_0_937,报警使能,0,,
s_rw_1_1_0_937,提示,0,,
s_rw_2_1_0_937,闪灯,0,,
s_rw_3_1_0_937,发声,0,,
s_rw_4_1_0_937,触发异常时间倒计时,0,,
s_rw_5_1_0_937,转手动,0,,
s_rw_6_1_0_937,停电机,0,,
s_rw_7_25_0_937,预留,0,,
s_rw_0_1_0_938,报警使能,0,,
s_rw_1_1_0_938,提示,0,,
s_rw_2_1_0_938,闪灯,0,,
s_rw_3_1_0_938,发声,0,,
s_rw_4_1_0_938,触发异常时间倒计时,0,,
s_rw_5_1_0_938,转手动,0,,
s_rw_6_1_0_938,停电机,0,,
s_rw_7_25_0_938,预留,0,,
s_rw_0_1_0_939,报警使能,0,,
s_rw_1_1_0_939,提示,0,,
s_rw_2_1_0_939,闪灯,0,,
s_rw_3_1_0_939,发声,0,,
s_rw_4_1_0_939,触发异常时间倒计时,0,,
s_rw_5_1_0_939,转手动,0,,
s_rw_6_1_0_939,停电机,0,,
s_rw_7_25_0_939,预留,0,,
s_rw_0_1_0_940,报警使能,0,,
s_rw_1_1_0_940,提示,0,,
s_rw_2_1_0_940,闪灯,0,,
s_rw_3_1_0_940,发声,0,,
s_rw_4_1_0_940,触发异常时间倒计时,0,,
s_rw_5_1_0_940,转手动,0,,
s_rw_6_1_0_940,停电机,0,,
s_rw_7_25_0_940,预留,0,,
s_rw_0_1_0_941,报警使能,0,,
s_rw_1_1_0_941,提示,0,,
s_rw_2_1_0_941,闪灯,0,,
s_rw_3_1_0_941,发声,0,,
s_rw_4_1_0_941,触发异常时间倒计时,0,,
s_rw_5_1_0_941,转手动,0,,
s_rw_6_1_0_941,停电机,0,,
s_rw_7_25_0_941,预留,0,,
s_rw_0_1_0_942,报警使能,0,,
s_rw_1_1_0_942,提示,0,,
s_rw_2_1_0_942,闪灯,0,,
s_rw_3_1_0_942,发声,0,,
s_rw_4_1_0_942,触发异常时间倒计时,0,,
s_rw_5_1_0_942,转手动,0,,
s_rw_6_1_0_942,停电机,0,,
s_rw_7_25_0_942,预留,0,,
s_rw_0_1_0_943,报警使能,0,,
s_rw_1_1_0_943,提示,0,,
s_rw_2_1_0_943,闪灯,0,,
s_rw_3_1_0_943,发声,0,,
s_rw_4_1_0_943,触发异常时间倒计时,0,,
s_rw_5_1_0_943,转手动,0,,
s_rw_6_1_0_943,停电机,0,,
s_rw_7_25_0_943,预留,0,,
s_rw_0_1_0_944,报警使能,0,,
s_rw_1_1_0_944,提示,0,,
s_rw_2_1_0_944,闪灯,0,,
s_rw_3_1_0_944,发声,0,,
s_rw_4_1_0_944,触发异常时间倒计时,0,,
s_rw_5_1_0_944,转手动,0,,
s_rw_6_1_0_944,停电机,0,,
s_rw_7_25_0_944,预留,0,,
s_rw_0_1_0_945,报警使能,0,,
s_rw_1_1_0_945,提示,0,,
s_rw_2_1_0_945,闪灯,0,,
s_rw_3_1_0_945,发声,0,,
s_rw_4_1_0_945,触发异常时间倒计时,0,,
s_rw_5_1_0_945,转手动,0,,
s_rw_6_1_0_945,停电机,0,,
s_rw_7_25_0_945,预留,0,,
s_rw_0_1_0_946,报警使能,0,,
s_rw_1_1_0_946,提示,0,,
s_rw_2_1_0_946,闪灯,0,,
s_rw_3_1_0_946,发声,0,,
s_rw_4_1_0_946,触发异常时间倒计时,0,,
s_rw_5_1_0_946,转手动,0,,
s_rw_6_1_0_946,停电机,0,,
s_rw_7_25_0_946,预留,0,,
s_rw_0_1_0_947,报警使能,0,,
s_rw_1_1_0_947,提示,0,,
s_rw_2_1_0_947,闪灯,0,,
s_rw_3_1_0_947,发声,0,,
s_rw_4_1_0_947,触发异常时间倒计时,0,,
s_rw_5_1_0_947,转手动,0,,
s_rw_6_1_0_947,停电机,0,,
s_rw_7_25_0_947,预留,0,,
s_rw_0_1_0_948,报警使能,0,,
s_rw_1_1_0_948,提示,0,,
s_rw_2_1_0_948,闪灯,0,,
s_rw_3_1_0_948,发声,0,,
s_rw_4_1_0_948,触发异常时间倒计时,0,,
s_rw_5_1_0_948,转手动,0,,
s_rw_6_1_0_948,停电机,0,,
s_rw_7_25_0_948,预留,0,,
s_rw_0_1_0_949,报警使能,0,,
s_rw_1_1_0_949,提示,0,,
s_rw_2_1_0_949,闪灯,0,,
s_rw_3_1_0_949,发声,0,,
s_rw_4_1_0_949,触发异常时间倒计时,0,,
s_rw_5_1_0_949,转手动,0,,
s_rw_6_1_0_949,停电机,0,,
s_rw_7_25_0_949,预留,0,,
s_rw_0_1_0_950,报警使能,0,,
s_rw_1_1_0_950,提示,0,,
s_rw_2_1_0_950,闪灯,0,,
s_rw_3_1_0_950,发声,0,,
s_rw_4_1_0_950,触发异常时间倒计时,0,,
s_rw_5_1_0_950,转手动,0,,
s_rw_6_1_0_950,停电机,0,,
s_rw_7_25_0_950,预留,0,,
s_rw_0_1_0_951,报警使能,0,,
s_rw_1_1_0_951,提示,0,,
s_rw_2_1_0_951,闪灯,0,,
s_rw_3_1_0_951,发声,0,,
s_rw_4_1_0_951,触发异常时间倒计时,0,,
s_rw_5_1_0_951,转手动,0,,
s_rw_6_1_0_951,停电机,0,,
s_rw_7_25_0_951,预留,0,,
s_rw_0_1_0_952,报警使能,0,,
s_rw_1_1_0_952,提示,0,,
s_rw_2_1_0_952,闪灯,0,,
s_rw_3_1_0_952,发声,0,,
s_rw_4_1_0_952,触发异常时间倒计时,0,,
s_rw_5_1_0_952,转手动,0,,
s_rw_6_1_0_952,停电机,0,,
s_rw_7_25_0_952,预留,0,,
s_rw_0_1_0_953,报警使能,0,,
s_rw_1_1_0_953,提示,0,,
s_rw_2_1_0_953,闪灯,0,,
s_rw_3_1_0_953,发声,0,,
s_rw_4_1_0_953,触发异常时间倒计时,0,,
s_rw_5_1_0_953,转手动,0,,
s_rw_6_1_0_953,停电机,0,,
s_rw_7_25_0_953,预留,0,,
s_rw_0_1_0_954,报警使能,0,,
s_rw_1_1_0_954,提示,0,,
s_rw_2_1_0_954,闪灯,0,,
s_rw_3_1_0_954,发声,0,,
s_rw_4_1_0_954,触发异常时间倒计时,0,,
s_rw_5_1_0_954,转手动,0,,
s_rw_6_1_0_954,停电机,0,,
s_rw_7_25_0_954,预留,0,,
s_rw_0_1_0_955,报警使能,0,,
s_rw_1_1_0_955,提示,0,,
s_rw_2_1_0_955,闪灯,0,,
s_rw_3_1_0_955,发声,0,,
s_rw_4_1_0_955,触发异常时间倒计时,0,,
s_rw_5_1_0_955,转手动,0,,
s_rw_6_1_0_955,停电机,0,,
s_rw_7_25_0_955,预留,0,,
s_rw_0_1_0_956,报警使能,0,,
s_rw_1_1_0_956,提示,0,,
s_rw_2_1_0_956,闪灯,0,,
s_rw_3_1_0_956,发声,0,,
s_rw_4_1_0_956,触发异常时间倒计时,0,,
s_rw_5_1_0_956,转手动,0,,
s_rw_6_1_0_956,停电机,0,,
s_rw_7_25_0_956,预留,0,,
s_rw_0_1_0_957,报警使能,0,,
s_rw_1_1_0_957,提示,0,,
s_rw_2_1_0_957,闪灯,0,,
s_rw_3_1_0_957,发声,0,,
s_rw_4_1_0_957,触发异常时间倒计时,0,,
s_rw_5_1_0_957,转手动,0,,
s_rw_6_1_0_957,停电机,0,,
s_rw_7_25_0_957,预留,0,,
s_rw_0_1_0_958,报警使能,0,,
s_rw_1_1_0_958,提示,0,,
s_rw_2_1_0_958,闪灯,0,,
s_rw_3_1_0_958,发声,0,,
s_rw_4_1_0_958,触发异常时间倒计时,0,,
s_rw_5_1_0_958,转手动,0,,
s_rw_6_1_0_958,停电机,0,,
s_rw_7_25_0_958,预留,0,,
s_rw_0_1_0_959,报警使能,0,,
s_rw_1_1_0_959,提示,0,,
s_rw_2_1_0_959,闪灯,0,,
s_rw_3_1_0_959,发声,0,,
s_rw_4_1_0_959,触发异常时间倒计时,0,,
s_rw_5_1_0_959,转手动,0,,
s_rw_6_1_0_959,停电机,0,,
s_rw_7_25_0_959,预留,0,,
s_rw_0_1_0_960,报警使能,0,,
s_rw_1_1_0_960,提示,0,,
s_rw_2_1_0_960,闪灯,0,,
s_rw_3_1_0_960,发声,0,,
s_rw_4_1_0_960,触发异常时间倒计时,0,,
s_rw_5_1_0_960,转手动,0,,
s_rw_6_1_0_960,停电机,0,,
s_rw_7_25_0_960,预留,0,,
s_rw_0_1_0_961,报警使能,0,,
s_rw_1_1_0_961,提示,0,,
s_rw_2_1_0_961,闪灯,0,,
s_rw_3_1_0_961,发声,0,,
s_rw_4_1_0_961,触发异常时间倒计时,0,,
s_rw_5_1_0_961,转手动,0,,
s_rw_6_1_0_961,停电机,0,,
s_rw_7_25_0_961,预留,0,,
s_rw_0_1_0_962,报警使能,0,,
s_rw_1_1_0_962,提示,0,,
s_rw_2_1_0_962,闪灯,0,,
s_rw_3_1_0_962,发声,0,,
s_rw_4_1_0_962,触发异常时间倒计时,0,,
s_rw_5_1_0_962,转手动,0,,
s_rw_6_1_0_962,停电机,0,,
s_rw_7_25_0_962,预留,0,,
s_rw_0_1_0_963,报警使能,0,,
s_rw_1_1_0_963,提示,0,,
s_rw_2_1_0_963,闪灯,0,,
s_rw_3_1_0_963,发声,0,,
s_rw_4_1_0_963,触发异常时间倒计时,0,,
s_rw_5_1_0_963,转手动,0,,
s_rw_6_1_0_963,停电机,0,,
s_rw_7_25_0_963,预留,0,,
s_rw_0_1_0_964,报警使能,0,,
s_rw_1_1_0_964,提示,0,,
s_rw_2_1_0_964,闪灯,0,,
s_rw_3_1_0_964,发声,0,,
s_rw_4_1_0_964,触发异常时间倒计时,0,,
s_rw_5_1_0_964,转手动,0,,
s_rw_6_1_0_964,停电机,0,,
s_rw_7_25_0_964,预留,0,,
s_rw_0_1_0_965,报警使能,0,,
s_rw_1_1_0_965,提示,0,,
s_rw_2_1_0_965,闪灯,0,,
s_rw_3_1_0_965,发声,0,,
s_rw_4_1_0_965,触发异常时间倒计时,0,,
s_rw_5_1_0_965,转手动,0,,
s_rw_6_1_0_965,停电机,0,,
s_rw_7_25_0_965,预留,0,,
s_rw_0_1_0_966,报警使能,0,,
s_rw_1_1_0_966,提示,0,,
s_rw_2_1_0_966,闪灯,0,,
s_rw_3_1_0_966,发声,0,,
s_rw_4_1_0_966,触发异常时间倒计时,0,,
s_rw_5_1_0_966,转手动,0,,
s_rw_6_1_0_966,停电机,0,,
s_rw_7_25_0_966,预留,0,,
s_rw_0_1_0_967,报警使能,0,,
s_rw_1_1_0_967,提示,0,,
s_rw_2_1_0_967,闪灯,0,,
s_rw_3_1_0_967,发声,0,,
s_rw_4_1_0_967,触发异常时间倒计时,0,,
s_rw_5_1_0_967,转手动,0,,
s_rw_6_1_0_967,停电机,0,,
s_rw_7_25_0_967,预留,0,,
s_rw_0_1_0_968,报警使能,0,,
s_rw_1_1_0_968,提示,0,,
s_rw_2_1_0_968,闪灯,0,,
s_rw_3_1_0_968,发声,0,,
s_rw_4_1_0_968,触发异常时间倒计时,0,,
s_rw_5_1_0_968,转手动,0,,
s_rw_6_1_0_968,停电机,0,,
s_rw_7_25_0_968,预留,0,,
s_rw_0_1_0_969,报警使能,0,,
s_rw_1_1_0_969,提示,0,,
s_rw_2_1_0_969,闪灯,0,,
s_rw_3_1_0_969,发声,0,,
s_rw_4_1_0_969,触发异常时间倒计时,0,,
s_rw_5_1_0_969,转手动,0,,
s_rw_6_1_0_969,停电机,0,,
s_rw_7_25_0_969,预留,0,,
s_rw_0_1_0_970,报警使能,0,,
s_rw_1_1_0_970,提示,0,,
s_rw_2_1_0_970,闪灯,0,,
s_rw_3_1_0_970,发声,0,,
s_rw_4_1_0_970,触发异常时间倒计时,0,,
s_rw_5_1_0_970,转手动,0,,
s_rw_6_1_0_970,停电机,0,,
s_rw_7_25_0_970,预留,0,,
s_rw_0_1_0_971,报警使能,0,,
s_rw_1_1_0_971,提示,0,,
s_rw_2_1_0_971,闪灯,0,,
s_rw_3_1_0_971,发声,0,,
s_rw_4_1_0_971,触发异常时间倒计时,0,,
s_rw_5_1_0_971,转手动,0,,
s_rw_6_1_0_971,停电机,0,,
s_rw_7_25_0_971,预留,0,,
s_rw_0_1_0_972,报警使能,0,,
s_rw_1_1_0_972,提示,0,,
s_rw_2_1_0_972,闪灯,0,,
s_rw_3_1_0_972,发声,0,,
s_rw_4_1_0_972,触发异常时间倒计时,0,,
s_rw_5_1_0_972,转手动,0,,
s_rw_6_1_0_972,停电机,0,,
s_rw_7_25_0_972,预留,0,,
s_rw_0_1_0_973,报警使能,0,,
s_rw_1_1_0_973,提示,0,,
s_rw_2_1_0_973,闪灯,0,,
s_rw_3_1_0_973,发声,0,,
s_rw_4_1_0_973,触发异常时间倒计时,0,,
s_rw_5_1_0_973,转手动,0,,
s_rw_6_1_0_973,停电机,0,,
s_rw_7_25_0_973,预留,0,,
s_rw_0_1_0_974,报警使能,0,,
s_rw_1_1_0_974,提示,0,,
s_rw_2_1_0_974,闪灯,0,,
s_rw_3_1_0_974,发声,0,,
s_rw_4_1_0_974,触发异常时间倒计时,0,,
s_rw_5_1_0_974,转手动,0,,
s_rw_6_1_0_974,停电机,0,,
s_rw_7_25_0_974,预留,0,,
s_rw_0_1_0_975,报警使能,0,,
s_rw_1_1_0_975,提示,0,,
s_rw_2_1_0_975,闪灯,0,,
s_rw_3_1_0_975,发声,0,,
s_rw_4_1_0_975,触发异常时间倒计时,0,,
s_rw_5_1_0_975,转手动,0,,
s_rw_6_1_0_975,停电机,0,,
s_rw_7_25_0_975,预留,0,,
s_rw_0_1_0_976,报警使能,0,,
s_rw_1_1_0_976,提示,0,,
s_rw_2_1_0_976,闪灯,0,,
s_rw_3_1_0_976,发声,0,,
s_rw_4_1_0_976,触发异常时间倒计时,0,,
s_rw_5_1_0_976,转手动,0,,
s_rw_6_1_0_976,停电机,0,,
s_rw_7_25_0_976,预留,0,,
s_rw_0_1_0_977,报警使能,0,,
s_rw_1_1_0_977,提示,0,,
s_rw_2_1_0_977,闪灯,0,,
s_rw_3_1_0_977,发声,0,,
s_rw_4_1_0_977,触发异常时间倒计时,0,,
s_rw_5_1_0_977,转手动,0,,
s_rw_6_1_0_977,停电机,0,,
s_rw_7_25_0_977,预留,0,,
s_rw_0_1_0_978,报警使能,0,,
s_rw_1_1_0_978,提示,0,,
s_rw_2_1_0_978,闪灯,0,,
s_rw_3_1_0_978,发声,0,,
s_rw_4_1_0_978,触发异常时间倒计时,0,,
s_rw_5_1_0_978,转手动,0,,
s_rw_6_1_0_978,停电机,0,,
s_rw_7_25_0_978,预留,0,,
s_rw_0_1_0_979,报警使能,0,,
s_rw_1_1_0_979,提示,0,,
s_rw_2_1_0_979,闪灯,0,,
s_rw_3_1_0_979,发声,0,,
s_rw_4_1_0_979,触发异常时间倒计时,0,,
s_rw_5_1_0_979,转手动,0,,
s_rw_6_1_0_979,停电机,0,,
s_rw_7_25_0_979,预留,0,,
s_rw_0_1_0_980,报警使能,0,,
s_rw_1_1_0_980,提示,0,,
s_rw_2_1_0_980,闪灯,0,,
s_rw_3_1_0_980,发声,0,,
s_rw_4_1_0_980,触发异常时间倒计时,0,,
s_rw_5_1_0_980,转手动,0,,
s_rw_6_1_0_980,停电机,0,,
s_rw_7_25_0_980,预留,0,,
s_rw_0_1_0_981,报警使能,0,,
s_rw_1_1_0_981,提示,0,,
s_rw_2_1_0_981,闪灯,0,,
s_rw_3_1_0_981,发声,0,,
s_rw_4_1_0_981,触发异常时间倒计时,0,,
s_rw_5_1_0_981,转手动,0,,
s_rw_6_1_0_981,停电机,0,,
s_rw_7_25_0_981,预留,0,,
s_rw_0_1_0_982,报警使能,0,,
s_rw_1_1_0_982,提示,0,,
s_rw_2_1_0_982,闪灯,0,,
s_rw_3_1_0_982,发声,0,,
s_rw_4_1_0_982,触发异常时间倒计时,0,,
s_rw_5_1_0_982,转手动,0,,
s_rw_6_1_0_982,停电机,0,,
s_rw_7_25_0_982,预留,0,,
s_rw_0_1_0_983,报警使能,0,,
s_rw_1_1_0_983,提示,0,,
s_rw_2_1_0_983,闪灯,0,,
s_rw_3_1_0_983,发声,0,,
s_rw_4_1_0_983,触发异常时间倒计时,0,,
s_rw_5_1_0_983,转手动,0,,
s_rw_6_1_0_983,停电机,0,,
s_rw_7_25_0_983,预留,0,,
s_rw_0_1_0_984,报警使能,0,,
s_rw_1_1_0_984,提示,0,,
s_rw_2_1_0_984,闪灯,0,,
s_rw_3_1_0_984,发声,0,,
s_rw_4_1_0_984,触发异常时间倒计时,0,,
s_rw_5_1_0_984,转手动,0,,
s_rw_6_1_0_984,停电机,0,,
s_rw_7_25_0_984,预留,0,,
s_rw_0_1_0_985,报警使能,0,,
s_rw_1_1_0_985,提示,0,,
s_rw_2_1_0_985,闪灯,0,,
s_rw_3_1_0_985,发声,0,,
s_rw_4_1_0_985,触发异常时间倒计时,0,,
s_rw_5_1_0_985,转手动,0,,
s_rw_6_1_0_985,停电机,0,,
s_rw_7_25_0_985,预留,0,,
s_rw_0_1_0_986,报警使能,0,,
s_rw_1_1_0_986,提示,0,,
s_rw_2_1_0_986,闪灯,0,,
s_rw_3_1_0_986,发声,0,,
s_rw_4_1_0_986,触发异常时间倒计时,0,,
s_rw_5_1_0_986,转手动,0,,
s_rw_6_1_0_986,停电机,0,,
s_rw_7_25_0_986,预留,0,,
s_rw_0_1_0_987,报警使能,0,,
s_rw_1_1_0_987,提示,0,,
s_rw_2_1_0_987,闪灯,0,,
s_rw_3_1_0_987,发声,0,,
s_rw_4_1_0_987,触发异常时间倒计时,0,,
s_rw_5_1_0_987,转手动,0,,
s_rw_6_1_0_987,停电机,0,,
s_rw_7_25_0_987,预留,0,,
s_rw_0_1_0_988,报警使能,0,,
s_rw_1_1_0_988,提示,0,,
s_rw_2_1_0_988,闪灯,0,,
s_rw_3_1_0_988,发声,0,,
s_rw_4_1_0_988,触发异常时间倒计时,0,,
s_rw_5_1_0_988,转手动,0,,
s_rw_6_1_0_988,停电机,0,,
s_rw_7_25_0_988,预留,0,,
s_rw_0_1_0_989,报警使能,0,,
s_rw_1_1_0_989,提示,0,,
s_rw_2_1_0_989,闪灯,0,,
s_rw_3_1_0_989,发声,0,,
s_rw_4_1_0_989,触发异常时间倒计时,0,,
s_rw_5_1_0_989,转手动,0,,
s_rw_6_1_0_989,停电机,0,,
s_rw_7_25_0_989,预留,0,,
s_rw_0_1_0_990,报警使能,0,,
s_rw_1_1_0_990,提示,0,,
s_rw_2_1_0_990,闪灯,0,,
s_rw_3_1_0_990,发声,0,,
s_rw_4_1_0_990,触发异常时间倒计时,0,,
s_rw_5_1_0_990,转手动,0,,
s_rw_6_1_0_990,停电机,0,,
s_rw_7_25_0_990,预留,0,,
s_rw_0_1_0_991,报警使能,0,,
s_rw_1_1_0_991,提示,0,,
s_rw_2_1_0_991,闪灯,0,,
s_rw_3_1_0_991,发声,0,,
s_rw_4_1_0_991,触发异常时间倒计时,0,,
s_rw_5_1_0_991,转手动,0,,
s_rw_6_1_0_991,停电机,0,,
s_rw_7_25_0_991,预留,0,,
s_rw_0_1_0_992,报警使能,0,,
s_rw_1_1_0_992,提示,0,,
s_rw_2_1_0_992,闪灯,0,,
s_rw_3_1_0_992,发声,0,,
s_rw_4_1_0_992,触发异常时间倒计时,0,,
s_rw_5_1_0_992,转手动,0,,
s_rw_6_1_0_992,停电机,0,,
s_rw_7_25_0_992,预留,0,,
s_rw_0_1_0_993,报警使能,0,,
s_rw_1_1_0_993,提示,0,,
s_rw_2_1_0_993,闪灯,0,,
s_rw_3_1_0_993,发声,0,,
s_rw_4_1_0_993,触发异常时间倒计时,0,,
s_rw_5_1_0_993,转手动,0,,
s_rw_6_1_0_993,停电机,0,,
s_rw_7_25_0_993,预留,0,,
s_rw_0_1_0_994,报警使能,0,,
s_rw_1_1_0_994,提示,0,,
s_rw_2_1_0_994,闪灯,0,,
s_rw_3_1_0_994,发声,0,,
s_rw_4_1_0_994,触发异常时间倒计时,0,,
s_rw_5_1_0_994,转手动,0,,
s_rw_6_1_0_994,停电机,0,,
s_rw_7_25_0_994,预留,0,,
s_rw_0_1_0_995,报警使能,0,,
s_rw_1_1_0_995,提示,0,,
s_rw_2_1_0_995,闪灯,0,,
s_rw_3_1_0_995,发声,0,,
s_rw_4_1_0_995,触发异常时间倒计时,0,,
s_rw_5_1_0_995,转手动,0,,
s_rw_6_1_0_995,停电机,0,,
s_rw_7_25_0_995,预留,0,,
s_rw_0_1_0_996,报警使能,0,,
s_rw_1_1_0_996,提示,0,,
s_rw_2_1_0_996,闪灯,0,,
s_rw_3_1_0_996,发声,0,,
s_rw_4_1_0_996,触发异常时间倒计时,0,,
s_rw_5_1_0_996,转手动,0,,
s_rw_6_1_0_996,停电机,0,,
s_rw_7_25_0_996,预留,0,,
s_rw_0_1_0_997,报警使能,0,,
s_rw_1_1_0_997,提示,0,,
s_rw_2_1_0_997,闪灯,0,,
s_rw_3_1_0_997,发声,0,,
s_rw_4_1_0_997,触发异常时间倒计时,0,,
s_rw_5_1_0_997,转手动,0,,
s_rw_6_1_0_997,停电机,0,,
s_rw_7_25_0_997,预留,0,,
s_rw_0_1_0_998,报警使能,0,,
s_rw_1_1_0_998,提示,0,,
s_rw_2_1_0_998,闪灯,0,,
s_rw_3_1_0_998,发声,0,,
s_rw_4_1_0_998,触发异常时间倒计时,0,,
s_rw_5_1_0_998,转手动,0,,
s_rw_6_1_0_998,停电机,0,,
s_rw_7_25_0_998,预留,0,,
s_rw_0_1_0_999,报警使能,0,,
s_rw_1_1_0_999,提示,0,,
s_rw_2_1_0_999,闪灯,0,,
s_rw_3_1_0_999,发声,0,,
s_rw_4_1_0_999,触发异常时间倒计时,0,,
s_rw_5_1_0_999,转手动,0,,
s_rw_6_1_0_999,停电机,0,,
s_rw_7_25_0_999,预留,0,,
s_rw_0_1_0_1000,报警使能,0,,
s_rw_1_1_0_1000,提示,0,,
s_rw_2_1_0_1000,闪灯,0,,
s_rw_3_1_0_1000,发声,0,,
s_rw_4_1_0_1000,触发异常时间倒计时,0,,
s_rw_5_1_0_1000,转手动,0,,
s_rw_6_1_0_1000,停电机,0,,
s_rw_7_25_0_1000,预留,0,,
s_rw_0_1_0_1001,报警使能,0,,
s_rw_1_1_0_1001,提示,0,,
s_rw_2_1_0_1001,闪灯,0,,
s_rw_3_1_0_1001,发声,0,,
s_rw_4_1_0_1001,触发异常时间倒计时,0,,
s_rw_5_1_0_1001,转手动,0,,
s_rw_6_1_0_1001,停电机,0,,
s_rw_7_25_0_1001,预留,0,,
s_rw_0_1_0_1002,报警使能,0,,
s_rw_1_1_0_1002,提示,0,,
s_rw_2_1_0_1002,闪灯,0,,
s_rw_3_1_0_1002,发声,0,,
s_rw_4_1_0_1002,触发异常时间倒计时,0,,
s_rw_5_1_0_1002,转手动,0,,
s_rw_6_1_0_1002,停电机,0,,
s_rw_7_25_0_1002,预留,0,,
s_rw_0_1_0_1003,报警使能,0,,
s_rw_1_1_0_1003,提示,0,,
s_rw_2_1_0_1003,闪灯,0,,
s_rw_3_1_0_1003,发声,0,,
s_rw_4_1_0_1003,触发异常时间倒计时,0,,
s_rw_5_1_0_1003,转手动,0,,
s_rw_6_1_0_1003,停电机,0,,
s_rw_7_25_0_1003,预留,0,,
s_rw_0_1_0_1004,报警使能,0,,
s_rw_1_1_0_1004,提示,0,,
s_rw_2_1_0_1004,闪灯,0,,
s_rw_3_1_0_1004,发声,0,,
s_rw_4_1_0_1004,触发异常时间倒计时,0,,
s_rw_5_1_0_1004,转手动,0,,
s_rw_6_1_0_1004,停电机,0,,
s_rw_7_25_0_1004,预留,0,,
s_rw_0_1_0_1005,报警使能,0,,
s_rw_1_1_0_1005,提示,0,,
s_rw_2_1_0_1005,闪灯,0,,
s_rw_3_1_0_1005,发声,0,,
s_rw_4_1_0_1005,触发异常时间倒计时,0,,
s_rw_5_1_0_1005,转手动,0,,
s_rw_6_1_0_1005,停电机,0,,
s_rw_7_25_0_1005,预留,0,,
s_rw_0_1_0_1006,报警使能,0,,
s_rw_1_1_0_1006,提示,0,,
s_rw_2_1_0_1006,闪灯,0,,
s_rw_3_1_0_1006,发声,0,,
s_rw_4_1_0_1006,触发异常时间倒计时,0,,
s_rw_5_1_0_1006,转手动,0,,
s_rw_6_1_0_1006,停电机,0,,
s_rw_7_25_0_1006,预留,0,,
s_rw_0_1_0_1007,报警使能,0,,
s_rw_1_1_0_1007,提示,0,,
s_rw_2_1_0_1007,闪灯,0,,
s_rw_3_1_0_1007,发声,0,,
s_rw_4_1_0_1007,触发异常时间倒计时,0,,
s_rw_5_1_0_1007,转手动,0,,
s_rw_6_1_0_1007,停电机,0,,
s_rw_7_25_0_1007,预留,0,,
m_rw_0_1_0_1436,周日定时使能,0,,
m_rw_1_15_0_1436,周日加热定时,0,,
m_rw_16_15_0_1436,周日保温定时,0,,
m_rw_31_1_0_1436,周日定时预留,0,,
m_rw_0_1_0_1437,周一定时使能,0,,
m_rw_1_15_0_1437,周一加热定时,0,,
m_rw_16_15_0_1437,周一保温定时,0,,
m_rw_31_1_0_1437,周一定时预留,0,,
m_rw_0_1_0_1438,周二定时使能,0,,
m_rw_1_15_0_1438,周二加热定时,0,,
m_rw_16_15_0_1438,周二保温定时,0,,
m_rw_31_1_0_1438,周二定时预留,0,,
m_rw_0_1_0_1439,周三定时使能,0,,
m_rw_1_15_0_1439,周三加热定时,0,,
m_rw_16_15_0_1439,周三保温定时,0,,
m_rw_31_1_0_1439,周三定时预留,0,,
m_rw_0_1_0_1440,周四定时使能,0,,
m_rw_1_15_0_1440,周四加热定时,0,,
m_rw_16_15_0_1440,周四保温定时,0,,
m_rw_31_1_0_1440,周四定时预留,0,,
m_rw_0_1_0_1441,周五定时使能,0,,
m_rw_1_15_0_1441,周五加热定时,0,,
m_rw_16_15_0_1441,周五保温定时,0,,
m_rw_31_1_0_1441,周五定时预留,0,,
m_rw_0_1_0_1442,周六定时使能,0,,
m_rw_1_15_0_1442,周六加热定时,0,,
m_rw_16_15_0_1442,周六保温定时,0,,
m_rw_31_1_0_1442,周六定时预留,0,,
s_rw_0_1_0_1443,安全标准强制安全标准,0,,
s_rw_1_31_0_1443,安全标准预留,0,,